# Circuit de Monaco - linha central (x leste, y norte, metros), larguras e elevação.
# Fonte: OpenStreetMap (ODbL), relação 148194; elevação e larguras ajustadas à mão.
# x_m,y_m,w_tr_right_m,w_tr_left_m,z_m
53.58,36.02,6.60,6.60,6.49
53.30,39.01,6.60,6.60,6.52
53.06,42.00,6.60,6.60,6.55
52.83,44.99,6.60,6.60,6.58
52.61,47.98,6.60,6.60,6.60
52.38,50.97,6.60,6.60,6.63
52.15,53.97,6.60,6.60,6.66
51.92,56.96,6.60,6.60,6.69
51.68,59.95,6.60,6.60,6.71
51.44,62.94,6.60,6.60,6.74
51.19,65.93,6.60,6.60,6.76
50.94,68.91,6.60,6.60,6.79
50.68,71.90,6.60,6.60,6.81
50.40,74.89,6.60,6.60,6.84
50.16,77.88,6.60,6.60,6.86
49.95,80.87,6.60,6.60,6.89
49.78,83.87,6.60,6.60,6.91
49.63,86.86,6.60,6.60,6.93
49.47,89.86,6.60,6.60,6.96
49.32,92.85,6.60,6.60,6.98
49.17,95.85,6.60,6.60,7.00
49.04,98.85,6.60,6.60,7.02
48.97,101.85,6.60,6.60,7.04
48.96,104.84,6.60,6.60,7.07
48.99,107.84,6.60,6.60,7.09
49.04,110.84,6.60,6.60,7.11
49.10,113.84,6.60,6.60,7.13
49.17,116.84,6.60,6.60,7.15
49.29,119.84,6.60,6.60,7.17
49.46,122.83,6.60,6.60,7.20
49.66,125.83,6.60,6.60,7.22
49.86,128.82,6.60,6.60,7.24
50.07,131.81,6.60,6.60,7.26
50.28,134.80,6.60,6.60,7.28
50.49,137.80,6.60,6.60,7.31
50.73,140.79,6.60,6.60,7.33
51.03,143.77,6.60,6.60,7.35
51.39,146.75,6.60,6.60,7.37
51.80,149.72,6.60,6.60,7.40
52.21,152.69,6.60,6.60,7.42
52.62,155.66,6.60,6.60,7.45
53.06,158.63,6.60,6.60,7.47
53.57,161.59,6.60,6.60,7.49
54.15,164.53,6.60,6.60,7.52
54.77,167.46,6.60,6.60,7.55
55.42,170.39,6.60,6.60,7.57
56.10,173.31,6.60,6.60,7.60
56.81,176.23,6.60,6.60,7.63
57.56,179.13,6.60,6.60,7.65
58.36,182.02,6.60,6.60,7.68
59.21,184.90,6.60,6.60,7.71
60.10,187.76,6.60,6.60,7.74
61.00,190.62,6.60,6.60,7.77
61.91,193.48,6.60,6.60,7.80
62.82,196.34,6.59,6.59,7.83
63.72,199.20,6.59,6.59,7.87
64.62,202.06,6.57,6.57,7.90
65.48,204.94,6.55,6.55,7.93
66.26,207.83,6.51,6.51,7.97
66.93,210.76,6.46,6.46,8.01
67.48,213.71,6.40,6.40,8.04
67.95,216.67,6.34,6.34,8.08
68.37,219.64,6.26,6.26,8.12
68.78,222.61,6.20,6.20,8.17
69.22,225.58,6.14,6.14,8.21
69.68,228.54,6.09,6.09,8.26
70.15,231.50,6.05,6.05,8.31
70.65,234.46,6.03,6.03,8.36
71.22,237.41,6.01,6.01,8.41
71.99,240.31,6.01,6.01,8.47
73.06,243.11,6.00,6.00,8.53
74.55,245.70,6.00,6.00,8.59
76.53,247.95,5.99,5.99,8.66
78.97,249.68,5.98,5.98,8.73
81.72,250.85,5.96,5.96,8.81
84.63,251.61,5.93,5.93,8.89
87.58,252.12,5.88,5.88,8.98
90.55,252.53,5.80,5.80,9.07
93.53,252.92,5.71,5.71,9.16
96.50,253.31,5.60,5.60,9.27
99.48,253.70,5.48,5.48,9.38
102.45,254.08,5.36,5.36,9.49
105.42,254.47,5.26,5.26,9.61
108.40,254.86,5.17,5.17,9.74
111.37,255.24,5.10,5.10,9.87
114.35,255.63,5.06,5.06,10.01
117.32,256.02,5.03,5.03,10.15
120.30,256.41,5.01,5.01,10.30
123.27,256.81,5.01,5.01,10.45
126.24,257.22,5.00,5.00,10.61
129.21,257.64,5.00,5.00,10.78
132.18,258.06,5.00,5.00,10.95
135.15,258.48,5.00,5.00,11.12
138.12,258.90,5.00,5.00,11.30
141.09,259.32,5.00,5.00,11.49
144.06,259.74,5.00,5.00,11.67
147.03,260.16,5.00,5.00,11.87
150.00,260.58,5.00,5.00,12.06
152.97,261.01,5.00,5.00,12.26
155.94,261.46,5.00,5.00,12.47
158.90,261.94,5.00,5.00,12.68
161.85,262.45,5.00,5.00,12.89
164.81,262.98,5.00,5.00,13.10
167.76,263.51,5.00,5.00,13.32
170.71,264.05,5.00,5.00,13.54
173.65,264.62,5.00,5.00,13.76
176.59,265.22,5.00,5.00,13.99
179.52,265.86,5.00,5.00,14.22
182.45,266.51,5.00,5.00,14.45
185.37,267.20,5.00,5.00,14.68
188.28,267.93,5.00,5.00,14.92
191.18,268.68,5.00,5.00,15.15
194.08,269.45,5.00,5.00,15.39
196.98,270.22,5.00,5.00,15.63
199.88,271.00,5.00,5.00,15.88
202.77,271.79,5.00,5.00,16.12
205.66,272.61,5.00,5.00,16.36
208.54,273.45,5.00,5.00,16.61
211.42,274.30,5.00,5.00,16.85
214.29,275.15,5.00,5.00,17.10
217.17,276.01,5.00,5.00,17.34
220.04,276.86,5.00,5.00,17.59
222.92,277.71,5.00,5.00,17.84
225.79,278.57,5.00,5.00,18.08
228.67,279.42,5.00,5.00,18.33
231.54,280.28,5.00,5.00,18.58
234.42,281.14,5.00,5.00,18.82
237.29,282.00,5.00,5.00,19.07
240.16,282.86,5.00,5.00,19.31
243.04,283.72,5.00,5.00,19.55
245.91,284.57,5.00,5.00,19.80
248.79,285.41,5.00,5.00,20.04
251.67,286.25,5.00,5.00,20.28
254.56,287.07,5.00,5.00,20.51
257.45,287.88,5.00,5.00,20.75
260.33,288.69,5.00,5.00,20.98
263.22,289.50,5.00,5.00,21.21
266.11,290.31,5.00,5.00,21.44
269.00,291.11,5.00,5.00,21.67
271.89,291.91,5.00,5.00,21.90
274.79,292.70,5.00,5.00,22.12
277.68,293.48,5.00,5.00,22.34
280.58,294.24,5.00,5.00,22.56
283.49,295.00,5.00,5.00,22.77
286.39,295.73,5.00,5.00,22.99
289.32,296.40,5.00,5.00,23.20
292.26,296.97,5.00,5.00,23.41
295.22,297.48,5.00,5.00,23.62
298.18,297.96,5.00,5.00,23.82
301.15,298.40,5.00,5.00,24.03
304.12,298.80,5.00,5.00,24.23
307.10,299.17,5.00,5.00,24.43
310.08,299.51,5.00,5.00,24.63
313.06,299.85,5.00,5.00,24.83
316.04,300.19,5.00,5.00,25.03
319.02,300.53,5.00,5.00,25.23
322.00,300.85,5.00,5.00,25.42
324.98,301.17,5.00,5.00,25.62
327.97,301.48,5.00,5.00,25.82
330.95,301.78,5.00,5.00,26.01
333.94,302.06,5.00,5.00,26.21
336.92,302.34,5.00,5.00,26.41
339.91,302.65,5.00,5.00,26.60
342.88,303.04,5.00,5.00,26.80
345.84,303.57,5.00,5.00,27.00
348.75,304.26,5.00,5.00,27.19
351.63,305.10,5.00,5.00,27.39
354.48,306.05,5.00,5.00,27.58
357.29,307.09,5.00,5.00,27.78
360.07,308.22,5.00,5.00,27.97
362.81,309.44,5.00,5.00,28.17
365.52,310.73,5.00,5.00,28.36
368.22,312.02,5.00,5.00,28.56
370.93,313.32,5.00,5.00,28.75
373.63,314.61,5.00,5.00,28.94
376.34,315.91,5.00,5.00,29.14
379.05,317.21,5.00,5.00,29.33
381.75,318.50,5.00,5.00,29.52
384.46,319.80,5.00,5.00,29.71
387.16,321.09,5.00,5.00,29.90
389.87,322.39,5.00,5.00,30.09
392.57,323.68,5.00,5.00,30.28
395.28,324.98,5.00,5.00,30.47
397.98,326.28,5.00,5.00,30.65
400.68,327.59,5.00,5.00,30.84
403.38,328.90,5.00,5.00,31.02
406.07,330.22,5.00,5.00,31.21
408.77,331.54,5.00,5.00,31.39
411.47,332.84,5.00,5.00,31.57
414.18,334.12,5.00,5.00,31.75
416.91,335.36,5.00,5.00,31.93
419.66,336.56,5.00,5.00,32.11
422.44,337.68,5.00,5.00,32.29
425.25,338.73,5.00,5.00,32.46
428.09,339.72,5.00,5.00,32.64
430.94,340.65,5.00,5.00,32.81
433.80,341.53,5.00,5.00,32.98
436.69,342.36,5.00,5.00,33.15
439.58,343.14,5.00,5.00,33.32
442.49,343.89,5.00,5.00,33.48
445.39,344.63,5.00,5.00,33.65
448.30,345.38,5.00,5.00,33.81
451.20,346.15,5.00,5.00,33.98
454.09,346.95,5.00,5.00,34.14
456.97,347.79,5.00,5.00,34.30
459.85,348.64,5.00,5.00,34.46
462.72,349.49,5.00,5.00,34.61
465.59,350.36,5.00,5.00,34.77
468.46,351.24,5.00,5.00,34.93
471.32,352.16,5.00,5.00,35.08
474.16,353.10,5.00,5.00,35.23
477.01,354.05,5.00,5.00,35.39
479.86,354.98,5.00,5.00,35.54
482.74,355.83,5.00,5.00,35.69
485.67,356.44,5.00,5.00,35.84
488.66,356.65,5.00,5.00,35.99
491.66,356.57,5.00,5.00,36.14
494.65,356.36,5.00,5.00,36.29
497.64,356.14,5.00,5.00,36.44
500.64,355.92,5.00,5.00,36.59
503.63,355.77,5.00,5.00,36.74
506.63,355.80,5.00,5.00,36.89
509.62,356.08,5.00,5.00,37.04
512.58,356.54,5.00,5.00,37.19
515.53,357.06,5.00,5.00,37.33
518.48,357.63,5.00,5.00,37.48
521.41,358.28,5.00,5.00,37.63
524.30,359.06,5.00,5.00,37.77
527.16,359.96,5.00,5.00,37.92
529.99,360.96,5.00,5.00,38.06
532.79,362.05,5.00,5.00,38.21
535.55,363.21,5.00,5.00,38.35
538.28,364.46,5.00,5.00,38.49
540.96,365.80,5.00,5.00,38.63
543.59,367.24,5.00,5.00,38.77
546.17,368.78,5.00,5.00,38.91
548.68,370.41,5.00,5.00,39.05
551.14,372.14,5.00,5.00,39.19
553.54,373.93,5.00,5.00,39.33
555.92,375.76,5.00,5.00,39.46
558.27,377.63,5.00,5.00,39.59
560.56,379.56,5.00,5.00,39.73
562.79,381.57,5.00,5.00,39.86
564.95,383.64,5.00,5.00,39.99
567.07,385.77,5.00,5.00,40.12
569.13,387.95,5.00,5.00,40.24
571.11,390.21,5.00,5.00,40.37
573.01,392.53,5.00,5.00,40.49
574.84,394.90,5.00,5.00,40.61
576.60,397.33,5.00,5.00,40.73
578.27,399.82,5.00,5.00,40.85
579.82,402.39,5.00,5.00,40.97
581.21,405.04,5.00,5.00,41.08
582.40,407.80,5.00,5.00,41.19
583.36,410.64,5.00,5.00,41.30
584.11,413.54,5.00,5.00,41.41
584.65,416.49,5.00,5.00,41.52
584.98,419.47,5.00,5.00,41.62
585.11,422.47,5.00,5.00,41.72
585.09,425.47,5.00,5.00,41.82
584.94,428.46,5.00,5.00,41.92
584.69,431.45,5.00,5.00,42.01
584.33,434.43,5.00,5.00,42.11
583.91,437.40,5.00,5.00,42.20
583.45,440.37,5.00,5.00,42.29
582.92,443.32,5.00,5.00,42.37
582.28,446.25,5.00,5.00,42.45
581.51,449.15,5.00,5.00,42.54
580.63,452.01,5.00,5.00,42.61
579.66,454.85,5.00,5.00,42.69
578.63,457.67,5.00,5.00,42.77
577.53,460.46,5.00,5.00,42.84
576.38,463.23,5.00,5.00,42.91
575.16,465.97,5.00,5.00,42.98
573.88,468.68,5.00,5.00,43.05
572.56,471.38,5.00,5.00,43.11
571.22,474.06,5.00,5.00,43.18
569.80,476.71,5.00,5.00,43.24
568.04,479.13,5.00,5.00,43.30
565.84,481.16,5.00,5.00,43.36
563.47,483.00,5.00,5.00,43.42
561.14,484.89,5.00,5.00,43.48
558.87,486.85,5.00,5.00,43.54
556.63,488.84,5.00,5.00,43.60
554.39,490.83,5.00,5.00,43.65
552.14,492.82,5.00,5.00,43.70
549.90,494.81,5.00,5.00,43.76
547.66,496.81,5.00,5.00,43.81
545.43,498.82,5.00,5.00,43.86
543.22,500.85,5.00,5.00,43.90
541.05,502.92,5.00,5.00,43.95
538.97,505.07,5.00,5.00,43.99
537.00,507.34,5.00,5.00,44.04
535.18,509.72,5.00,5.00,44.08
533.57,512.25,5.00,5.00,44.12
532.18,514.91,5.00,5.00,44.15
531.01,517.67,5.00,5.00,44.19
530.06,520.51,5.00,5.00,44.22
529.41,523.44,5.00,5.00,44.25
529.10,526.42,5.00,5.00,44.28
529.15,529.42,5.00,5.00,44.30
529.52,532.39,5.00,5.00,44.32
530.16,535.32,5.00,5.00,44.34
531.03,538.19,5.00,5.00,44.35
532.07,541.01,5.00,5.00,44.36
533.26,543.76,5.00,5.00,44.37
534.55,546.47,5.00,5.00,44.37
535.94,549.13,5.00,5.00,44.37
537.43,551.73,5.00,5.00,44.36
539.02,554.27,5.00,5.00,44.35
540.71,556.75,5.00,5.00,44.34
542.46,559.18,5.00,5.00,44.31
544.24,561.60,5.00,5.00,44.28
546.01,564.02,5.00,5.00,44.25
547.78,566.44,5.00,5.00,44.21
549.54,568.87,5.00,5.00,44.16
551.30,571.30,5.00,5.00,44.11
553.07,573.73,5.00,5.00,44.05
554.84,576.15,5.00,5.00,43.98
556.62,578.56,5.00,5.00,43.91
558.40,580.97,5.00,5.00,43.83
560.19,583.38,5.00,5.00,43.74
561.98,585.79,5.00,5.00,43.65
563.76,588.20,5.00,5.00,43.55
565.55,590.61,5.00,5.00,43.45
567.32,593.03,5.00,5.00,43.34
569.08,595.46,5.00,5.00,43.22
570.83,597.89,5.00,5.00,43.10
572.59,600.33,5.00,5.00,42.98
574.34,602.76,5.00,5.00,42.85
576.10,605.19,5.00,5.00,42.71
577.85,607.62,5.00,5.00,42.57
579.61,610.05,5.00,5.00,42.42
581.38,612.48,5.00,5.00,42.27
583.15,614.90,5.00,5.00,42.12
584.93,617.32,5.00,5.00,41.96
586.72,619.72,5.00,5.00,41.80
588.54,622.10,5.00,5.00,41.63
590.37,624.48,5.00,5.00,41.46
592.20,626.86,5.00,5.00,41.29
594.03,629.24,5.00,5.00,41.11
595.86,631.61,5.00,5.00,40.93
597.69,633.99,5.00,5.00,40.75
599.51,636.37,5.00,5.00,40.57
601.32,638.76,5.00,5.00,40.39
603.13,641.16,5.00,5.00,40.20
604.93,643.56,5.00,5.00,40.01
606.73,645.96,5.00,5.00,39.82
608.53,648.35,5.00,5.00,39.62
610.33,650.75,5.00,5.00,39.43
612.13,653.15,5.00,5.00,39.24
613.93,655.55,5.00,5.00,39.04
615.73,657.95,5.00,5.00,38.84
617.53,660.35,5.00,5.00,38.65
619.34,662.75,5.00,5.00,38.45
621.14,665.15,5.00,5.00,38.25
622.94,667.55,5.00,5.00,38.06
624.74,669.95,5.00,5.00,37.86
626.54,672.35,5.00,5.00,37.66
628.34,674.75,5.00,5.00,37.47
630.14,677.14,5.00,5.00,37.27
631.94,679.54,5.00,5.00,37.08
633.74,681.94,5.00,5.00,36.89
635.54,684.34,5.00,5.00,36.69
637.34,686.74,5.00,5.00,36.50
639.14,689.14,5.00,5.00,36.31
640.94,691.54,5.00,5.00,36.12
642.74,693.94,5.00,5.00,35.94
644.55,696.34,5.00,5.00,35.75
646.37,698.72,5.00,5.00,35.56
648.21,701.08,5.00,5.00,35.37
650.14,703.38,5.00,5.00,35.19
652.29,705.46,5.00,5.00,35.00
654.80,707.09,5.00,5.00,34.82
657.63,708.07,5.00,5.00,34.63
660.61,708.38,5.00,5.00,34.45
663.60,708.15,5.00,5.00,34.26
666.52,707.50,5.00,5.00,34.07
669.34,706.49,5.00,5.00,33.89
672.01,705.11,5.00,5.00,33.70
674.47,703.40,5.00,5.00,33.51
676.72,701.42,5.00,5.00,33.32
678.75,699.22,5.00,5.00,33.12
680.55,696.82,5.00,5.00,32.93
682.06,694.23,5.00,5.00,32.74
683.27,691.49,5.00,5.00,32.54
684.14,688.62,5.00,5.00,32.34
684.71,685.68,5.00,5.00,32.14
685.03,682.69,5.00,5.00,31.94
685.19,679.70,5.00,5.00,31.74
685.31,676.70,5.00,5.00,31.54
685.47,673.71,5.00,5.00,31.34
685.73,670.72,5.00,5.00,31.14
686.16,667.75,5.00,5.00,30.94
686.83,664.83,5.00,5.00,30.73
687.76,661.98,5.00,5.00,30.53
688.93,659.22,5.00,5.00,30.32
690.30,656.55,5.01,5.01,30.12
691.81,653.96,5.02,5.02,29.91
693.42,651.43,5.04,5.04,29.71
695.10,648.94,5.09,5.09,29.51
696.82,646.48,5.16,5.16,29.30
698.54,644.02,5.27,5.27,29.10
700.26,641.57,5.43,5.43,28.90
702.00,639.12,5.64,5.64,28.69
703.74,636.68,5.88,5.88,28.49
705.46,634.23,6.14,6.14,28.29
707.14,631.74,6.40,6.40,28.09
708.72,629.19,6.63,6.63,27.90
710.20,626.58,6.83,6.83,27.70
711.57,623.91,6.97,6.97,27.51
712.80,621.18,7.07,7.07,27.31
713.95,618.41,7.13,7.13,27.12
715.22,615.69,7.17,7.17,26.93
716.84,613.17,7.19,7.19,26.74
718.96,611.06,7.20,7.20,26.56
721.58,609.64,7.20,7.20,26.38
724.53,609.17,7.20,7.20,26.19
727.48,609.65,7.20,7.20,26.02
730.18,610.92,7.20,7.20,25.84
732.46,612.86,7.20,7.20,25.66
734.12,615.34,7.19,7.19,25.49
735.02,618.19,7.18,7.18,25.32
735.06,621.18,7.15,7.15,25.15
734.25,624.06,7.09,7.09,24.99
732.77,626.66,7.01,7.01,24.82
730.91,629.01,6.88,6.88,24.66
728.87,631.21,6.70,6.70,24.49
726.75,633.33,6.48,6.48,24.33
724.62,635.44,6.23,6.23,24.17
722.52,637.59,5.97,5.97,24.01
720.52,639.82,5.72,5.72,23.84
718.60,642.13,5.50,5.50,23.68
716.76,644.49,5.32,5.32,23.51
714.95,646.88,5.19,5.19,23.34
713.15,649.29,5.11,5.11,23.17
711.36,651.69,5.05,5.05,22.99
709.57,654.10,5.02,5.02,22.81
707.78,656.50,5.01,5.01,22.62
705.99,658.91,5.00,5.00,22.43
704.25,661.35,5.00,5.00,22.23
702.63,663.88,5.00,5.00,22.03
701.28,666.55,5.00,5.00,21.81
700.31,669.39,5.00,5.00,21.59
699.85,672.35,5.00,5.00,21.35
699.98,675.34,5.00,5.00,21.11
700.71,678.24,5.00,5.00,20.85
702.00,680.95,5.00,5.00,20.58
703.81,683.33,5.00,5.00,20.30
706.07,685.29,5.00,5.00,20.01
708.63,686.85,5.00,5.00,19.71
711.33,688.17,5.00,5.00,19.39
714.08,689.36,5.00,5.00,19.07
716.88,690.44,5.00,5.00,18.73
719.74,691.34,5.00,5.00,18.38
722.65,692.06,5.00,5.00,18.03
725.57,692.73,5.00,5.00,17.67
728.49,693.45,5.00,5.00,17.31
731.36,694.30,5.00,5.00,16.95
734.19,695.30,5.00,5.00,16.58
736.98,696.40,5.00,5.00,16.22
739.76,697.53,5.00,5.00,15.86
742.53,698.68,5.00,5.00,15.51
745.30,699.82,5.00,5.00,15.17
748.09,700.92,5.00,5.00,14.84
750.91,701.95,5.00,5.00,14.52
753.75,702.92,5.00,5.00,14.22
756.61,703.82,5.00,5.00,13.93
759.49,704.65,5.00,5.00,13.66
762.41,705.34,5.00,5.00,13.40
765.37,705.85,5.00,5.00,13.16
768.35,706.13,5.00,5.00,12.94
771.35,706.20,5.00,5.00,12.74
774.34,705.99,5.00,5.00,12.55
777.27,705.37,5.00,5.00,12.38
779.99,704.13,5.00,5.00,12.22
782.28,702.21,5.00,5.00,12.08
783.89,699.70,5.00,5.00,11.95
784.80,696.84,5.00,5.00,11.83
785.16,693.87,5.00,5.00,11.72
785.22,690.87,5.00,5.00,11.62
785.15,687.87,5.00,5.00,11.53
785.04,684.87,5.00,5.00,11.44
784.91,681.88,5.00,5.00,11.36
784.78,678.88,5.00,5.00,11.28
784.64,675.88,5.00,5.00,11.21
784.50,672.89,5.01,5.01,11.14
784.36,669.89,5.02,5.02,11.07
784.22,666.89,5.05,5.05,11.01
784.08,663.90,5.08,5.08,10.95
783.95,660.90,5.14,5.14,10.89
783.81,657.91,5.21,5.21,10.83
783.67,654.91,5.29,5.29,10.77
783.53,651.91,5.38,5.38,10.72
783.39,648.92,5.48,5.48,10.66
783.25,645.92,5.57,5.57,10.61
783.11,642.92,5.64,5.64,10.56
782.97,639.93,5.70,5.70,10.51
782.83,636.93,5.74,5.74,10.46
782.69,633.93,5.77,5.77,10.41
782.55,630.94,5.78,5.78,10.36
782.41,627.94,5.79,5.79,10.31
782.25,624.95,5.80,5.80,10.27
782.09,621.95,5.80,5.80,10.22
781.91,618.96,5.80,5.80,10.18
781.73,615.96,5.80,5.80,10.13
781.54,612.97,5.80,5.80,10.09
781.31,609.98,5.80,5.80,10.05
781.04,606.99,5.80,5.80,10.00
780.74,604.01,5.80,5.80,9.96
780.42,601.02,5.80,5.80,9.92
780.08,598.04,5.80,5.80,9.88
779.73,595.06,5.80,5.80,9.84
779.32,592.09,5.80,5.80,9.80
778.88,589.13,5.80,5.80,9.76
778.41,586.16,5.80,5.80,9.73
777.94,583.20,5.80,5.80,9.69
777.45,580.24,5.80,5.80,9.65
776.91,577.29,5.80,5.80,9.61
776.33,574.35,5.80,5.80,9.58
775.73,571.41,5.80,5.80,9.54
775.11,568.47,5.80,5.80,9.50
774.49,565.54,5.80,5.80,9.47
773.82,562.62,5.80,5.80,9.43
773.11,559.70,5.80,5.80,9.40
772.37,556.79,5.80,5.80,9.36
771.62,553.89,5.80,5.80,9.33
770.85,550.99,5.80,5.80,9.29
770.06,548.10,5.80,5.80,9.26
769.22,545.22,5.80,5.80,9.22
768.35,542.35,5.80,5.80,9.19
767.45,539.48,5.80,5.80,9.16
766.55,536.62,5.80,5.80,9.12
765.63,533.77,5.80,5.80,9.09
764.66,530.93,5.80,5.80,9.05
763.66,528.10,5.80,5.80,9.02
762.63,525.28,5.80,5.80,8.98
761.60,522.47,5.80,5.80,8.95
760.54,519.66,5.80,5.80,8.91
759.46,516.86,5.80,5.80,8.88
758.32,514.09,5.80,5.80,8.84
757.16,511.32,5.80,5.80,8.80
756.00,508.56,5.80,5.80,8.77
754.82,505.80,5.80,5.80,8.73
753.60,503.06,5.80,5.80,8.69
752.35,500.33,5.80,5.80,8.66
751.06,497.62,5.80,5.80,8.62
749.77,494.92,5.80,5.80,8.58
748.46,492.22,5.80,5.80,8.55
747.13,489.53,5.80,5.80,8.51
745.76,486.86,5.80,5.80,8.47
744.35,484.21,5.80,5.80,8.43
742.92,481.57,5.80,5.80,8.39
741.49,478.94,5.80,5.80,8.36
740.03,476.32,5.80,5.80,8.32
738.55,473.71,5.80,5.80,8.28
737.02,471.13,5.80,5.80,8.24
735.47,468.56,5.80,5.80,8.20
733.91,466.00,5.80,5.80,8.17
732.34,463.44,5.80,5.80,8.13
730.74,460.91,5.80,5.80,8.09
729.10,458.40,5.80,5.80,8.05
727.43,455.90,5.80,5.80,8.01
725.75,453.42,5.80,5.80,7.98
724.07,450.93,5.80,5.80,7.94
722.35,448.47,5.80,5.80,7.90
720.61,446.03,5.80,5.80,7.86
718.82,443.62,5.80,5.80,7.83
717.03,441.22,5.80,5.80,7.79
715.22,438.82,5.80,5.80,7.75
713.40,436.44,5.80,5.80,7.71
711.55,434.08,5.80,5.80,7.68
709.66,431.75,5.80,5.80,7.64
707.75,429.43,5.80,5.80,7.60
705.84,427.12,5.80,5.80,7.57
703.91,424.83,5.80,5.80,7.53
701.96,422.55,5.80,5.80,7.50
699.97,420.31,5.80,5.80,7.46
697.95,418.08,5.80,5.80,7.42
695.93,415.87,5.80,5.80,7.39
693.90,413.66,5.80,5.80,7.35
691.85,411.47,5.80,5.80,7.32
689.76,409.32,5.80,5.80,7.28
687.65,407.19,5.80,5.80,7.25
685.53,405.07,5.80,5.80,7.21
683.39,402.96,5.80,5.80,7.18
681.25,400.86,5.80,5.80,7.14
679.08,398.79,5.80,5.80,7.11
676.88,396.75,5.80,5.80,7.07
674.66,394.73,5.80,5.80,7.04
672.43,392.72,5.80,5.80,7.01
670.18,390.74,5.80,5.80,6.97
667.91,388.78,5.80,5.80,6.94
665.62,386.85,5.80,5.80,6.90
663.32,384.92,5.80,5.80,6.87
661.00,383.02,5.80,5.80,6.84
658.65,381.15,5.80,5.80,6.80
656.29,379.30,5.80,5.80,6.77
653.92,377.46,5.80,5.80,6.74
651.54,375.64,5.80,5.80,6.71
649.13,373.86,5.80,5.80,6.67
646.70,372.09,5.80,5.80,6.64
644.27,370.34,5.80,5.80,6.61
641.82,368.61,5.80,5.80,6.58
639.35,366.91,5.80,5.80,6.55
636.86,365.23,5.80,5.80,6.51
634.36,363.58,5.80,5.80,6.48
631.85,361.93,5.80,5.80,6.45
629.32,360.32,5.80,5.80,6.42
626.77,358.74,5.80,5.80,6.39
624.21,357.18,5.80,5.80,6.36
621.64,355.63,5.80,5.80,6.33
619.05,354.11,5.80,5.80,6.30
616.45,352.62,5.80,5.80,6.27
613.84,351.15,5.80,5.80,6.24
611.21,349.69,5.80,5.80,6.21
608.57,348.27,5.80,5.80,6.18
605.92,346.87,5.80,5.80,6.15
603.25,345.50,5.80,5.80,6.12
600.58,344.13,5.80,5.80,6.09
597.91,342.77,5.80,5.80,6.06
595.24,341.41,5.80,5.80,6.03
592.56,340.05,5.80,5.80,6.00
589.88,338.70,5.80,5.80,5.97
587.20,337.35,5.80,5.80,5.94
584.52,336.01,5.80,5.80,5.92
581.84,334.66,5.80,5.80,5.89
579.16,333.31,5.80,5.80,5.86
576.48,331.96,5.80,5.80,5.83
573.81,330.61,5.80,5.80,5.80
571.13,329.25,5.79,5.79,5.77
568.46,327.89,5.78,5.78,5.74
565.79,326.52,5.75,5.75,5.71
563.12,325.15,5.72,5.72,5.69
560.45,323.79,5.66,5.66,5.66
557.78,322.42,5.59,5.59,5.63
555.11,321.05,5.51,5.51,5.60
552.44,319.68,5.42,5.42,5.57
549.77,318.32,5.32,5.32,5.54
547.10,316.95,5.23,5.23,5.52
544.42,315.59,5.16,5.16,5.49
541.73,314.28,5.10,5.10,5.46
538.98,313.07,5.06,5.06,5.43
536.18,312.00,5.03,5.03,5.40
533.35,311.01,5.02,5.02,5.38
530.51,310.05,5.01,5.01,5.35
527.66,309.10,5.00,5.00,5.32
524.82,308.14,5.00,5.00,5.29
521.98,307.19,5.00,5.00,5.26
519.13,306.24,5.00,5.00,5.24
516.29,305.29,5.00,5.00,5.21
513.44,304.34,5.00,5.00,5.18
510.60,303.38,5.00,5.00,5.15
507.75,302.44,5.00,5.00,5.13
504.90,301.51,5.00,5.00,5.10
502.03,300.63,5.00,5.00,5.07
499.14,299.83,5.00,5.00,5.05
496.24,299.07,5.00,5.00,5.02
493.33,298.33,5.00,5.00,4.99
490.42,297.59,5.00,5.00,4.97
487.52,296.86,5.00,5.00,4.94
484.61,296.12,5.00,5.00,4.91
481.70,295.39,5.00,5.00,4.89
478.78,294.68,5.00,5.00,4.86
475.86,294.02,5.00,5.00,4.84
472.92,293.43,5.00,5.00,4.81
469.96,292.90,5.00,5.00,4.79
467.01,292.40,5.00,5.00,4.76
464.05,291.89,5.00,5.00,4.74
461.09,291.39,5.00,5.00,4.71
458.14,290.88,5.00,5.00,4.69
455.18,290.38,5.00,5.00,4.66
452.22,289.87,5.00,5.00,4.64
449.27,289.36,5.00,5.00,4.62
446.31,288.84,5.00,5.00,4.59
443.36,288.32,5.00,5.00,4.57
440.41,287.79,5.00,5.00,4.55
437.46,287.26,5.00,5.00,4.52
434.50,286.73,5.00,5.00,4.50
431.55,286.20,5.00,5.00,4.48
428.60,285.66,5.00,5.00,4.46
425.65,285.13,5.00,5.00,4.44
422.69,284.61,5.00,5.00,4.41
419.74,284.09,5.00,5.00,4.39
416.78,283.58,5.00,5.00,4.37
413.83,283.08,5.00,5.00,4.35
410.87,282.58,5.00,5.00,4.33
407.91,282.09,5.01,5.01,4.31
404.95,281.59,5.02,5.02,4.29
401.99,281.09,5.04,5.04,4.27
399.04,280.57,5.07,5.07,4.25
396.12,279.89,5.12,5.12,4.23
393.40,278.66,5.18,5.18,4.21
391.34,276.51,5.26,5.26,4.20
390.24,273.73,5.35,5.35,4.18
389.85,270.76,5.45,5.45,4.16
389.81,267.77,5.54,5.54,4.14
389.79,264.77,5.62,5.62,4.13
389.44,261.79,5.68,5.68,4.11
388.28,259.05,5.73,5.73,4.09
386.12,257.00,5.76,5.76,4.08
383.38,255.81,5.78,5.78,4.06
380.46,255.13,5.79,5.79,4.05
377.49,254.66,5.80,5.80,4.03
374.52,254.28,5.80,5.80,4.02
371.53,254.09,5.80,5.80,4.00
368.54,254.34,5.80,5.80,3.99
365.67,255.18,5.79,5.79,3.97
362.95,256.44,5.78,5.78,3.96
360.29,257.83,5.77,5.77,3.95
357.61,259.17,5.74,5.74,3.93
354.82,260.26,5.70,5.70,3.92
351.89,260.90,5.64,5.64,3.91
348.90,260.98,5.57,5.57,3.89
345.91,260.70,5.48,5.48,3.88
342.94,260.29,5.38,5.38,3.87
339.98,259.84,5.29,5.29,3.86
337.01,259.40,5.21,5.21,3.84
334.04,258.95,5.14,5.14,3.83
331.08,258.51,5.08,5.08,3.82
328.11,258.08,5.05,5.05,3.81
325.14,257.67,5.02,5.02,3.80
322.16,257.26,5.01,5.01,3.78
319.19,256.86,5.00,5.00,3.77
316.22,256.45,5.00,5.00,3.76
313.25,256.05,5.00,5.00,3.75
310.27,255.65,5.00,5.00,3.74
307.30,255.25,5.00,5.00,3.73
304.33,254.85,5.00,5.00,3.72
301.36,254.45,5.00,5.00,3.71
298.38,254.04,5.00,5.00,3.69
295.41,253.64,5.00,5.00,3.68
292.44,253.24,5.00,5.00,3.67
289.47,252.84,5.00,5.00,3.66
286.49,252.43,5.00,5.00,3.65
283.52,252.03,5.00,5.00,3.64
280.55,251.63,5.00,5.00,3.63
277.58,251.23,5.00,5.00,3.62
274.60,250.83,5.00,5.00,3.61
271.63,250.43,5.00,5.00,3.60
268.66,250.02,5.00,5.00,3.59
265.69,249.62,5.00,5.00,3.58
262.71,249.21,5.00,5.00,3.57
259.74,248.81,5.00,5.00,3.56
256.77,248.40,5.00,5.00,3.55
253.80,247.99,5.00,5.00,3.54
250.83,247.59,5.00,5.00,3.54
247.85,247.18,5.00,5.00,3.53
244.88,246.78,5.00,5.00,3.52
241.91,246.37,5.00,5.00,3.51
238.94,245.96,5.00,5.00,3.50
235.97,245.56,5.00,5.00,3.49
232.99,245.15,5.00,5.00,3.48
230.02,244.75,5.00,5.00,3.47
227.05,244.34,5.00,5.00,3.46
224.08,243.93,5.00,5.00,3.46
221.11,243.51,5.00,5.00,3.45
218.14,243.07,5.00,5.00,3.44
215.18,242.60,5.00,5.00,3.43
212.22,242.11,5.00,5.00,3.42
209.27,241.59,5.00,5.00,3.41
206.31,241.05,5.00,5.00,3.40
203.36,240.52,5.00,5.00,3.40
200.41,239.99,5.00,5.00,3.39
197.45,239.47,5.00,5.00,3.38
194.49,239.00,5.00,5.00,3.37
191.52,238.58,5.00,5.00,3.36
188.55,238.19,5.00,5.00,3.35
185.57,237.81,5.00,5.00,3.35
182.60,237.43,5.00,5.00,3.34
179.62,237.05,5.00,5.00,3.33
176.65,236.68,5.00,5.00,3.32
173.67,236.30,5.00,5.00,3.31
170.69,235.92,5.01,5.01,3.31
167.72,235.54,5.02,5.02,3.30
164.74,235.16,5.03,5.03,3.29
161.77,234.79,5.05,5.05,3.28
158.79,234.41,5.08,5.08,3.28
155.82,234.03,5.12,5.12,3.27
152.84,233.65,5.16,5.16,3.26
149.86,233.28,5.21,5.21,3.25
146.89,232.90,5.25,5.25,3.24
143.91,232.52,5.30,5.30,3.24
140.94,232.12,5.33,5.33,3.23
137.98,231.63,5.36,5.36,3.22
135.07,230.91,5.38,5.38,3.21
132.28,229.82,5.39,5.39,3.20
129.72,228.27,5.39,5.39,3.20
127.46,226.30,5.40,5.40,3.19
125.52,224.01,5.40,5.40,3.18
123.84,221.53,5.40,5.40,3.17
122.27,218.97,5.40,5.40,3.16
120.77,216.37,5.40,5.40,3.16
119.32,213.75,5.40,5.40,3.15
117.92,211.09,5.40,5.40,3.14
116.57,208.42,5.40,5.40,3.13
115.25,205.72,5.40,5.40,3.12
113.94,203.03,5.40,5.40,3.12
112.63,200.32,5.40,5.40,3.11
111.34,197.62,5.40,5.40,3.10
110.09,194.89,5.40,5.40,3.09
108.90,192.14,5.40,5.40,3.08
107.75,189.37,5.40,5.40,3.07
106.65,186.58,5.40,5.40,3.06
105.61,183.76,5.40,5.40,3.06
104.65,180.92,5.40,5.40,3.05
103.75,178.06,5.40,5.40,3.04
102.86,175.20,5.40,5.40,3.03
101.98,172.33,5.40,5.40,3.02
101.13,169.45,5.40,5.40,3.01
100.33,166.56,5.40,5.40,3.01
99.57,163.66,5.40,5.40,3.00
98.84,160.75,5.40,5.40,2.99
98.16,157.83,5.40,5.40,2.98
97.52,154.90,5.40,5.40,2.97
96.94,151.95,5.40,5.40,2.96
96.41,149.00,5.40,5.40,2.95
95.94,146.04,5.40,5.40,2.95
95.52,143.07,5.40,5.40,2.94
95.15,140.09,5.40,5.40,2.93
94.81,137.11,5.40,5.40,2.92
94.50,134.13,5.40,5.40,2.91
94.26,131.14,5.40,5.40,2.90
94.12,128.14,5.40,5.40,2.90
94.07,125.14,5.40,5.40,2.89
94.05,122.14,5.40,5.40,2.88
94.04,119.14,5.40,5.40,2.87
94.05,116.14,5.40,5.40,2.86
94.10,113.14,5.40,5.40,2.85
94.20,110.15,5.40,5.40,2.85
94.33,107.15,5.40,5.40,2.84
94.47,104.15,5.40,5.40,2.83
94.65,101.16,5.40,5.40,2.82
94.96,98.18,5.40,5.40,2.82
95.50,95.23,5.40,5.40,2.81
96.26,92.33,5.40,5.40,2.80
97.11,89.45,5.40,5.40,2.79
97.96,86.57,5.40,5.40,2.79
98.89,83.72,5.40,5.40,2.78
100.07,80.96,5.40,5.40,2.77
101.58,78.38,5.40,5.40,2.76
103.41,76.00,5.40,5.40,2.76
105.50,73.86,5.40,5.40,2.75
107.78,71.91,5.40,5.40,2.74
110.16,70.08,5.40,5.40,2.74
112.57,68.29,5.40,5.40,2.73
114.98,66.50,5.40,5.40,2.72
117.38,64.71,5.40,5.40,2.72
119.74,62.86,5.40,5.40,2.71
122.01,60.90,5.40,5.40,2.71
124.12,58.77,5.40,5.40,2.70
126.03,56.46,5.40,5.40,2.69
127.64,53.93,5.40,5.40,2.69
128.82,51.18,5.40,5.40,2.68
129.56,48.27,5.40,5.40,2.68
130.02,45.31,5.40,5.40,2.67
130.36,42.33,5.40,5.40,2.67
130.69,39.35,5.40,5.40,2.66
131.05,36.37,5.40,5.40,2.66
131.48,33.40,5.40,5.40,2.65
131.97,30.44,5.40,5.40,2.65
132.51,27.49,5.40,5.40,2.65
133.06,24.54,5.40,5.40,2.64
133.62,21.59,5.40,5.40,2.64
134.17,18.65,5.40,5.40,2.64
134.72,15.70,5.40,5.40,2.63
135.27,12.75,5.40,5.40,2.63
135.83,9.80,5.40,5.40,2.63
136.38,6.85,5.40,5.40,2.62
136.93,3.90,5.40,5.40,2.62
137.48,0.96,5.40,5.40,2.62
138.03,-1.99,5.40,5.40,2.62
138.57,-4.94,5.40,5.40,2.61
139.11,-7.89,5.40,5.40,2.61
139.65,-10.85,5.40,5.40,2.61
140.19,-13.80,5.40,5.40,2.61
140.73,-16.75,5.40,5.40,2.61
141.28,-19.70,5.40,5.40,2.61
141.82,-22.64,5.40,5.40,2.61
142.37,-25.59,5.40,5.40,2.61
142.92,-28.54,5.40,5.40,2.60
143.47,-31.49,5.40,5.40,2.60
144.02,-34.44,5.40,5.40,2.60
144.57,-37.39,5.40,5.40,2.60
145.14,-40.33,5.40,5.40,2.61
145.74,-43.27,5.40,5.40,2.61
146.40,-46.20,5.40,5.40,2.61
147.09,-49.12,5.40,5.40,2.61
147.79,-52.04,5.40,5.40,2.61
148.49,-54.95,5.40,5.40,2.61
149.18,-57.87,5.40,5.40,2.61
149.79,-60.81,5.40,5.40,2.61
150.18,-63.78,5.40,5.40,2.61
150.11,-66.77,5.40,5.40,2.61
149.36,-69.67,5.40,5.40,2.62
147.92,-72.29,5.40,5.40,2.62
145.99,-74.58,5.40,5.40,2.62
143.74,-76.56,5.40,5.40,2.62
141.27,-78.26,5.40,5.40,2.62
138.68,-79.77,5.40,5.40,2.63
136.06,-81.25,5.40,5.40,2.63
133.57,-82.91,5.40,5.40,2.63
131.43,-85.00,5.40,5.40,2.63
130.00,-87.62,5.40,5.40,2.64
129.42,-90.55,5.40,5.40,2.64
129.48,-93.55,5.40,5.40,2.64
129.87,-96.52,5.40,5.40,2.65
130.45,-99.46,5.40,5.40,2.65
131.17,-102.37,5.40,5.40,2.65
131.98,-105.26,5.40,5.40,2.66
132.82,-108.14,5.40,5.40,2.66
133.71,-111.00,5.40,5.40,2.66
134.67,-113.85,5.40,5.40,2.67
135.67,-116.68,5.40,5.40,2.67
136.69,-119.50,5.40,5.40,2.68
137.72,-122.31,5.40,5.40,2.68
138.75,-125.13,5.40,5.40,2.68
139.78,-127.95,5.40,5.40,2.69
140.83,-130.76,5.40,5.40,2.69
141.93,-133.55,5.40,5.40,2.70
143.11,-136.31,5.40,5.40,2.70
144.34,-139.04,5.40,5.40,2.71
145.60,-141.76,5.40,5.40,2.71
146.87,-144.48,5.40,5.40,2.72
148.14,-147.20,5.40,5.40,2.72
149.44,-149.90,5.40,5.40,2.73
150.78,-152.59,5.40,5.40,2.73
152.14,-155.26,5.40,5.40,2.74
153.52,-157.92,5.40,5.40,2.74
154.93,-160.57,5.40,5.40,2.75
156.39,-163.19,5.40,5.40,2.75
157.92,-165.77,5.40,5.40,2.76
159.49,-168.32,5.40,5.40,2.77
161.12,-170.84,5.40,5.40,2.77
162.81,-173.32,5.40,5.40,2.78
164.57,-175.75,5.40,5.40,2.78
166.38,-178.14,5.40,5.40,2.79
168.25,-180.49,5.40,5.40,2.80
170.16,-182.80,5.40,5.40,2.80
172.10,-185.09,5.40,5.40,2.81
174.07,-187.35,5.40,5.40,2.81
176.11,-189.55,5.40,5.40,2.82
178.22,-191.68,5.40,5.40,2.83
180.39,-193.75,5.40,5.40,2.83
182.62,-195.76,5.40,5.40,2.84
184.89,-197.72,5.40,5.40,2.85
187.21,-199.62,5.40,5.40,2.85
189.58,-201.46,5.40,5.40,2.86
192.02,-203.20,5.40,5.40,2.87
194.53,-204.84,5.40,5.40,2.87
197.11,-206.37,5.40,5.40,2.88
199.74,-207.81,5.40,5.40,2.89
202.42,-209.17,5.40,5.40,2.90
205.12,-210.48,5.40,5.40,2.90
207.83,-211.76,5.40,5.40,2.91
210.55,-213.03,5.40,5.40,2.92
213.27,-214.29,5.40,5.40,2.93
215.98,-215.57,5.40,5.40,2.93
218.67,-216.90,5.40,5.40,2.94
221.30,-218.34,5.40,5.40,2.95
223.86,-219.90,5.40,5.40,2.96
226.31,-221.63,5.40,5.40,2.97
228.49,-223.69,5.40,5.40,2.98
230.21,-226.14,5.40,5.40,2.99
231.44,-228.87,5.40,5.40,3.00
232.27,-231.75,5.40,5.40,3.01
232.61,-234.72,5.40,5.40,3.03
232.30,-237.70,5.40,5.40,3.04
231.27,-240.50,5.40,5.40,3.05
229.54,-242.95,5.40,5.40,3.07
227.28,-244.91,5.40,5.40,3.09
224.68,-246.40,5.40,5.40,3.10
221.91,-247.54,5.40,5.40,3.12
219.06,-248.47,5.40,5.40,3.14
216.18,-249.31,5.40,5.40,3.16
213.29,-250.12,5.40,5.40,3.19
210.40,-250.94,5.40,5.40,3.21
207.52,-251.75,5.40,5.40,3.23
204.63,-252.56,5.40,5.40,3.26
201.74,-253.37,5.40,5.40,3.28
198.85,-254.18,5.40,5.40,3.31
195.95,-254.95,5.40,5.40,3.34
193.03,-255.65,5.40,5.40,3.36
190.09,-256.24,5.40,5.40,3.39
187.14,-256.76,5.40,5.40,3.42
184.18,-257.23,5.40,5.40,3.45
181.21,-257.64,5.40,5.40,3.48
178.23,-257.99,5.40,5.40,3.50
175.24,-258.23,5.40,5.40,3.53
172.24,-258.37,5.40,5.40,3.56
169.24,-258.40,5.40,5.40,3.59
166.24,-258.32,5.40,5.40,3.62
163.25,-258.12,5.40,5.40,3.64
160.28,-257.70,5.40,5.40,3.67
157.38,-256.94,5.40,5.40,3.70
154.63,-255.75,5.40,5.40,3.72
152.12,-254.11,5.41,5.41,3.75
149.93,-252.07,5.42,5.42,3.77
148.17,-249.65,5.45,5.45,3.80
146.94,-246.92,5.49,5.49,3.82
146.23,-244.01,5.55,5.55,3.85
145.79,-241.04,5.64,5.64,3.87
145.38,-238.07,5.75,5.75,3.89
144.83,-235.12,5.88,5.88,3.91
144.13,-232.21,6.02,6.02,3.94
143.26,-229.34,6.16,6.16,3.96
142.23,-226.52,6.29,6.29,3.98
141.04,-223.77,6.40,6.40,4.00
139.69,-221.09,6.47,6.47,4.02
138.19,-218.49,6.53,6.53,4.04
136.55,-215.98,6.56,6.56,4.06
134.79,-213.55,6.58,6.58,4.08
132.94,-211.20,6.59,6.59,4.10
131.05,-208.87,6.60,6.60,4.12
129.15,-206.54,6.60,6.60,4.14
127.27,-204.20,6.60,6.60,4.16
125.45,-201.82,6.60,6.60,4.18
123.71,-199.38,6.60,6.60,4.20
122.04,-196.88,6.60,6.60,4.22
120.42,-194.36,6.60,6.60,4.24
118.82,-191.82,6.60,6.60,4.25
117.23,-189.28,6.60,6.60,4.27
115.63,-186.74,6.60,6.60,4.29
114.03,-184.21,6.60,6.60,4.31
112.42,-181.68,6.60,6.60,4.33
110.81,-179.15,6.60,6.60,4.35
109.20,-176.61,6.60,6.60,4.37
107.63,-174.06,6.60,6.60,4.39
106.12,-171.47,6.60,6.60,4.40
104.66,-168.84,6.60,6.60,4.42
103.25,-166.20,6.60,6.60,4.44
101.87,-163.53,6.60,6.60,4.46
100.53,-160.85,6.60,6.60,4.48
99.22,-158.15,6.60,6.60,4.50
98.01,-155.41,6.60,6.60,4.52
96.92,-152.61,6.60,6.60,4.54
95.96,-149.77,6.60,6.60,4.56
95.06,-146.91,6.60,6.60,4.58
94.18,-144.04,6.60,6.60,4.60
93.33,-141.17,6.60,6.60,4.62
92.52,-138.28,6.60,6.60,4.64
91.74,-135.38,6.60,6.60,4.66
90.97,-132.48,6.60,6.60,4.68
90.20,-129.58,6.60,6.60,4.71
89.40,-126.69,6.60,6.60,4.73
88.57,-123.81,6.60,6.60,4.75
87.71,-120.94,6.60,6.60,4.77
86.83,-118.07,6.60,6.60,4.79
85.95,-115.20,6.60,6.60,4.82
85.06,-112.34,6.60,6.60,4.84
84.17,-109.47,6.60,6.60,4.86
83.30,-106.60,6.60,6.60,4.89
82.45,-103.73,6.60,6.60,4.91
81.60,-100.85,6.60,6.60,4.94
80.76,-97.97,6.60,6.60,4.96
79.92,-95.09,6.60,6.60,4.99
79.08,-92.21,6.60,6.60,5.02
78.23,-89.33,6.60,6.60,5.04
77.39,-86.45,6.60,6.60,5.07
76.56,-83.57,6.60,6.60,5.10
75.74,-80.69,6.60,6.60,5.13
74.93,-77.80,6.60,6.60,5.16
74.12,-74.91,6.60,6.60,5.19
73.31,-72.02,6.60,6.60,5.22
72.49,-69.13,6.60,6.60,5.25
71.69,-66.24,6.60,6.60,5.28
70.89,-63.35,6.60,6.60,5.31
70.11,-60.46,6.60,6.60,5.35
69.33,-57.56,6.60,6.60,5.38
68.56,-54.66,6.60,6.60,5.41
67.80,-51.76,6.60,6.60,5.45
67.07,-48.85,6.60,6.60,5.48
66.37,-45.93,6.60,6.60,5.52
65.71,-43.01,6.60,6.60,5.55
65.07,-40.08,6.60,6.60,5.59
64.46,-37.14,6.60,6.60,5.62
63.87,-34.20,6.60,6.60,5.66
63.33,-31.25,6.60,6.60,5.70
62.81,-28.29,6.60,6.60,5.73
62.30,-25.34,6.60,6.60,5.77
61.81,-22.38,6.60,6.60,5.81
61.33,-19.42,6.60,6.60,5.84
60.85,-16.46,6.60,6.60,5.88
60.38,-13.49,6.60,6.60,5.92
59.90,-10.53,6.60,6.60,5.95
59.43,-7.57,6.60,6.60,5.99
58.95,-4.61,6.60,6.60,6.03
58.47,-1.65,6.60,6.60,6.06
58.00,1.31,6.60,6.60,6.10
57.53,4.28,6.60,6.60,6.13
57.08,7.24,6.60,6.60,6.17
56.66,10.21,6.60,6.60,6.20
56.27,13.19,6.60,6.60,6.24
55.91,16.16,6.60,6.60,6.27
55.55,19.14,6.60,6.60,6.31
55.19,22.12,6.60,6.60,6.34
54.83,25.10,6.60,6.60,6.37
54.47,28.08,6.60,6.60,6.40
54.12,31.05,6.60,6.60,6.43
53.78,34.04,6.60,6.60,6.47
