# Circuit de Monaco - linha de corrida (x leste, y norte, metros), curvatura mínima aproximada.
# x_m,y_m
52.61,35.93
52.29,38.93
52.00,41.92
51.74,44.91
51.48,47.90
51.22,50.89
50.98,53.88
50.78,56.87
50.57,59.86
50.37,62.85
50.19,65.84
50.04,68.84
49.88,71.83
49.74,74.83
49.62,77.84
49.54,80.85
49.43,83.85
49.35,86.85
49.29,89.85
49.27,92.85
49.23,95.85
49.21,98.85
49.22,101.85
49.27,104.84
49.30,107.84
49.35,110.84
49.43,113.84
49.55,116.83
49.65,119.82
49.77,122.81
49.93,125.81
50.13,128.80
50.30,131.80
50.49,134.79
50.72,137.78
51.01,140.76
51.26,143.75
51.52,146.73
51.84,149.71
52.20,152.69
52.53,155.67
52.88,158.66
53.28,161.64
53.72,164.62
54.14,167.60
54.57,170.58
55.05,173.56
55.57,176.54
56.08,179.53
56.61,182.52
57.18,185.52
57.75,188.50
58.36,191.46
58.98,194.42
59.61,197.36
60.24,200.30
60.93,203.20
61.62,206.05
62.28,208.83
62.95,211.58
63.70,214.35
64.46,217.18
65.26,220.07
66.15,222.99
67.12,225.89
68.14,228.78
69.24,231.65
70.47,234.49
71.80,237.28
73.21,239.92
74.71,242.33
76.33,244.44
78.06,246.24
79.99,247.83
82.24,249.28
84.83,250.62
87.62,251.84
90.50,252.96
93.39,253.95
96.30,254.84
99.22,255.63
102.16,256.34
105.10,256.97
108.05,257.54
111.01,258.06
113.97,258.52
116.94,258.96
119.90,259.38
122.86,259.78
125.83,260.19
128.79,260.60
131.77,260.99
134.74,261.40
137.71,261.82
140.68,262.24
143.65,262.65
146.62,263.08
149.58,263.53
152.54,263.97
155.47,264.42
158.40,264.89
161.34,265.37
164.29,265.86
167.24,266.38
170.18,266.90
173.10,267.42
176.01,267.96
178.94,268.51
181.86,269.07
184.78,269.64
187.69,270.22
190.62,270.82
193.56,271.42
196.50,272.03
199.43,272.66
202.36,273.28
205.28,273.91
208.21,274.56
211.15,275.21
214.08,275.86
217.01,276.52
219.94,277.19
222.87,277.86
225.80,278.53
228.73,279.20
231.66,279.89
234.59,280.57
237.51,281.25
240.44,281.94
243.36,282.63
246.28,283.32
249.20,284.01
252.12,284.69
255.03,285.39
257.95,286.08
260.87,286.76
263.80,287.45
266.72,288.14
269.64,288.83
272.56,289.50
275.47,290.17
278.38,290.85
281.30,291.52
284.21,292.18
287.10,292.82
289.94,293.46
292.78,294.10
295.67,294.72
298.59,295.34
301.49,295.98
304.40,296.61
307.32,297.25
310.27,297.87
313.21,298.51
316.16,299.15
319.10,299.82
322.04,300.47
324.99,301.14
327.93,301.82
330.88,302.53
333.83,303.23
336.77,303.95
339.68,304.69
342.52,305.46
345.29,306.22
348.02,307.00
350.77,307.83
353.54,308.72
356.32,309.60
359.09,310.50
361.88,311.46
364.69,312.46
367.54,313.46
370.37,314.48
373.20,315.52
376.01,316.59
378.84,317.64
381.65,318.71
384.46,319.79
387.26,320.89
390.07,321.97
392.87,323.07
395.66,324.18
398.46,325.30
401.26,326.40
404.06,327.51
406.85,328.63
409.64,329.74
412.42,330.84
415.19,331.93
417.96,333.01
420.70,334.08
423.43,335.14
426.17,336.18
428.93,337.21
431.70,338.25
434.47,339.29
437.26,340.30
440.07,341.29
442.89,342.30
445.73,343.31
448.59,344.28
451.45,345.23
454.31,346.19
457.16,347.14
460.03,348.03
462.90,348.90
465.77,349.79
468.65,350.65
471.55,351.44
474.46,352.21
477.37,352.97
480.28,353.68
483.14,354.29
485.90,354.82
488.68,355.33
491.62,355.77
494.64,356.16
497.68,356.56
500.70,356.99
503.67,357.41
506.52,357.87
509.32,358.39
512.16,358.98
515.06,359.62
517.93,360.32
520.72,361.07
523.47,361.89
526.22,362.78
528.96,363.74
531.68,364.78
534.38,365.88
537.04,367.06
539.64,368.32
542.22,369.63
544.78,371.01
547.28,372.50
549.73,374.08
552.18,375.72
554.60,377.44
556.93,379.26
559.17,381.16
561.37,383.09
563.53,385.10
565.58,387.21
567.53,389.40
569.42,391.63
571.24,393.92
572.95,396.31
574.54,398.77
576.01,401.27
577.38,403.77
578.56,406.31
579.60,408.87
580.48,411.49
581.24,414.17
581.85,416.90
582.35,419.67
582.67,422.51
582.85,425.40
582.99,428.33
583.04,431.28
582.85,434.24
582.53,437.20
582.29,440.17
581.95,443.13
581.29,446.01
580.56,448.87
579.96,451.80
579.24,454.70
578.16,457.49
577.04,460.26
576.07,463.10
574.95,465.87
573.48,468.49
571.99,471.10
570.61,473.76
569.04,476.24
567.25,478.41
565.43,480.65
563.50,483.03
561.40,485.20
559.21,487.24
557.11,489.38
555.05,491.58
552.84,493.61
550.63,495.64
548.56,497.81
546.54,500.04
544.46,502.17
542.49,504.37
540.70,506.68
539.03,509.00
537.43,511.30
536.06,513.69
534.86,516.17
533.79,518.73
532.95,521.32
532.37,523.92
532.01,526.55
531.90,529.22
532.05,531.95
532.32,534.76
532.78,537.60
533.44,540.46
534.28,543.29
535.18,546.15
536.19,548.99
537.34,551.78
538.63,554.53
539.95,557.29
541.33,560.01
542.79,562.66
544.33,565.25
545.88,567.83
547.47,570.38
549.12,572.89
550.81,575.37
552.52,577.85
554.26,580.31
556.02,582.74
557.79,585.16
559.57,587.58
561.35,589.98
563.13,592.39
564.91,594.79
566.69,597.19
568.48,599.59
570.26,602.01
572.05,604.42
573.84,606.82
575.63,609.23
577.42,611.64
579.21,614.06
581.01,616.47
582.81,618.89
584.61,621.31
586.41,623.73
588.21,626.14
590.01,628.55
591.80,630.95
593.59,633.36
595.39,635.76
597.18,638.15
598.97,640.54
600.76,642.94
602.55,645.34
604.35,647.74
606.15,650.14
607.95,652.55
609.74,654.95
611.54,657.35
613.34,659.75
615.14,662.15
616.94,664.55
618.74,666.95
620.54,669.35
622.34,671.75
624.14,674.15
625.94,676.55
627.74,678.94
629.54,681.34
631.34,683.74
633.17,686.12
635.04,688.47
636.95,690.78
638.96,693.03
641.02,695.23
643.18,697.37
645.47,699.41
647.91,701.33
650.42,703.12
652.96,704.65
655.47,705.73
658.00,706.38
660.62,706.66
663.34,706.46
666.05,705.86
668.66,704.92
671.11,703.64
673.40,702.05
675.50,700.17
677.39,698.08
679.07,695.84
680.58,693.48
681.87,690.97
683.01,688.34
684.07,685.58
685.01,682.69
685.85,679.73
686.66,676.76
687.48,673.84
688.19,671.00
688.93,668.26
689.72,665.63
690.57,663.03
691.47,660.41
692.49,657.76
693.57,655.04
694.70,652.27
695.98,649.55
697.24,646.78
698.44,643.96
699.70,641.18
701.12,638.50
702.40,635.73
703.60,632.93
704.86,630.26
706.15,627.66
707.28,625.00
708.42,622.40
709.59,619.82
710.87,617.10
712.64,614.31
714.90,611.64
717.65,609.35
720.88,607.60
724.55,607.02
728.13,607.60
731.35,609.11
734.06,611.43
736.06,614.41
737.15,617.85
737.20,621.47
736.34,624.96
734.87,628.13
733.04,630.87
731.08,633.34
728.95,635.57
726.78,637.61
724.71,639.64
722.64,641.64
720.51,643.65
718.40,645.75
716.43,647.99
714.41,650.22
712.43,652.49
710.56,654.83
708.89,657.34
707.28,659.86
705.82,662.43
704.57,665.00
703.67,667.58
703.07,670.09
702.82,672.51
702.95,674.90
703.54,677.23
704.49,679.43
705.81,681.45
707.49,683.32
709.52,685.19
711.86,687.01
714.36,688.68
716.96,690.21
719.63,691.72
722.40,693.15
725.17,694.47
727.88,695.68
730.52,696.88
733.16,698.03
735.87,699.17
738.61,700.30
741.38,701.45
744.18,702.59
747.03,703.71
749.91,704.78
752.82,705.77
755.75,706.66
758.76,707.40
761.86,708.02
765.03,708.39
768.22,708.40
771.39,708.11
774.54,707.55
777.61,706.44
780.41,704.80
782.86,702.72
784.67,700.05
786.04,697.10
787.04,693.98
787.63,690.85
787.86,687.78
787.96,684.76
787.91,681.75
787.78,678.74
787.64,675.74
787.49,672.75
787.33,669.75
787.17,666.76
787.00,663.76
786.82,660.77
786.63,657.77
786.44,654.78
786.22,651.79
785.99,648.80
785.76,645.80
785.53,642.81
785.26,639.82
784.97,636.83
784.69,633.84
784.41,630.85
784.08,627.86
783.73,624.87
783.39,621.88
783.06,618.89
782.67,615.91
782.25,612.92
781.84,609.93
781.46,606.95
781.00,603.98
780.51,601.01
780.02,598.05
779.58,595.08
779.04,592.13
778.48,589.19
777.91,586.24
777.39,583.29
776.78,580.36
776.14,577.44
775.48,574.52
774.89,571.58
774.20,568.67
773.47,565.76
772.73,562.87
772.05,559.97
771.27,557.08
770.46,554.19
769.63,551.32
768.85,548.44
767.99,545.59
767.09,542.74
766.17,539.89
765.29,537.02
764.33,534.20
763.35,531.39
762.34,528.58
761.36,525.75
760.30,522.95
759.22,520.16
758.12,517.40
757.04,514.62
755.90,511.85
754.72,509.10
753.53,506.36
752.34,503.62
751.11,500.91
749.84,498.21
748.55,495.50
747.26,492.80
745.93,490.13
744.57,487.48
743.19,484.84
741.79,482.19
740.36,479.55
738.91,476.95
737.44,474.36
735.95,471.77
734.43,469.19
732.88,466.63
731.31,464.08
729.72,461.56
728.11,459.05
726.47,456.54
724.81,454.05
723.13,451.58
721.43,449.13
719.70,446.69
717.95,444.27
716.18,441.86
714.38,439.46
712.57,437.09
710.74,434.73
708.87,432.39
706.99,430.06
705.09,427.75
703.17,425.46
701.23,423.19
699.27,420.93
697.28,418.69
695.28,416.46
693.25,414.26
691.21,412.08
689.15,409.91
687.07,407.76
684.97,405.63
682.85,403.51
680.71,401.42
678.56,399.34
676.38,397.29
674.19,395.25
671.98,393.23
669.76,391.23
667.52,389.25
665.25,387.28
662.98,385.33
660.69,383.41
658.38,381.50
656.05,379.61
653.71,377.74
651.35,375.89
648.98,374.06
646.59,372.25
644.19,370.45
641.77,368.67
639.34,366.92
636.89,365.18
634.43,363.46
631.96,361.76
629.47,360.08
626.97,358.42
624.45,356.77
621.93,355.15
619.38,353.54
616.83,351.95
614.26,350.38
611.69,348.83
609.09,347.30
606.49,345.78
603.88,344.28
601.26,342.81
598.63,341.36
595.99,339.92
593.35,338.50
590.69,337.10
588.02,335.73
585.35,334.36
582.67,333.02
579.97,331.70
577.27,330.40
574.56,329.11
571.85,327.85
569.12,326.60
566.38,325.37
563.63,324.16
560.87,322.96
558.10,321.79
555.32,320.63
552.54,319.49
549.74,318.38
546.93,317.28
544.12,316.20
541.32,315.15
538.54,314.15
535.76,313.17
532.95,312.20
530.11,311.24
527.26,310.31
524.40,309.40
521.53,308.51
518.66,307.64
515.79,306.78
512.90,305.95
510.01,305.13
507.12,304.33
504.25,303.56
501.39,302.82
498.54,302.09
495.65,301.37
492.74,300.67
489.82,299.98
486.90,299.31
483.97,298.65
481.05,298.01
478.14,297.39
475.27,296.79
472.40,296.21
469.49,295.64
466.55,295.08
463.60,294.52
460.65,293.98
457.70,293.45
454.75,292.92
451.79,292.40
448.83,291.90
445.86,291.39
442.90,290.88
439.94,290.39
436.98,289.91
434.02,289.42
431.06,288.92
428.10,288.44
425.14,287.97
422.18,287.49
419.23,286.99
416.28,286.51
413.33,286.03
410.37,285.54
407.41,285.05
404.45,284.55
401.49,284.05
398.47,283.52
395.24,282.76
391.71,281.14
388.79,278.09
387.32,274.43
386.85,270.93
386.81,267.75
386.79,264.88
386.52,262.48
385.81,260.75
385.00,258.78
384.27,252.87
381.01,252.11
378.00,251.13
374.89,250.78
371.54,251.01
367.98,251.31
364.60,252.45
361.60,253.79
358.83,255.04
356.27,256.23
353.88,257.25
351.56,258.07
349.00,258.69
346.10,259.23
343.05,259.57
339.98,259.81
336.93,259.95
333.87,260.10
330.84,260.09
327.83,260.02
324.83,259.88
321.83,259.74
318.83,259.50
315.85,259.23
312.86,258.90
309.88,258.57
306.90,258.21
303.93,257.82
300.95,257.42
297.98,257.02
295.01,256.61
292.04,256.20
289.07,255.79
286.10,255.37
283.13,254.95
280.16,254.51
277.19,254.10
274.22,253.67
271.25,253.24
268.28,252.78
265.31,252.36
262.34,251.92
259.38,251.49
256.41,251.02
253.44,250.59
250.48,250.15
247.51,249.71
244.54,249.25
241.58,248.81
238.61,248.37
235.64,247.93
232.68,247.47
229.71,247.03
226.74,246.59
223.77,246.15
220.79,245.71
217.80,245.27
214.81,244.84
211.82,244.40
208.84,243.97
205.86,243.55
202.89,243.14
199.92,242.73
196.98,242.32
194.05,241.93
191.12,241.55
188.17,241.16
185.19,240.78
182.22,240.41
179.24,240.03
176.27,239.65
173.29,239.26
170.32,238.85
167.35,238.41
164.39,237.94
161.43,237.43
158.48,236.87
155.53,236.25
152.60,235.57
149.67,234.81
146.75,233.97
143.85,233.04
140.95,232.02
138.13,230.89
135.46,229.66
133.01,228.34
130.73,226.89
128.54,225.24
126.39,223.36
124.25,221.27
122.16,219.03
120.18,216.71
118.28,214.31
116.46,211.85
114.73,209.33
113.09,206.77
111.54,204.18
110.07,201.56
108.65,198.88
107.31,196.13
106.02,193.35
104.81,190.55
103.65,187.73
102.55,184.84
101.50,181.95
100.53,179.06
99.61,176.19
98.74,173.31
97.92,170.38
97.14,167.42
96.43,164.46
95.77,161.49
95.16,158.51
94.60,155.50
94.12,152.48
93.69,149.46
93.29,146.44
92.96,143.41
92.72,140.38
92.56,137.36
92.38,134.33
92.28,131.26
92.29,128.20
92.39,125.16
92.45,122.15
92.61,119.14
92.88,116.13
93.26,113.12
93.61,110.12
94.06,107.14
94.63,104.16
95.32,101.21
96.01,98.32
96.81,95.52
97.74,92.75
98.84,89.96
99.97,87.18
101.19,84.56
102.46,82.17
103.88,79.93
105.37,77.72
107.03,75.50
108.86,73.24
110.84,70.99
112.86,68.68
114.88,66.38
116.90,64.08
118.89,61.82
120.76,59.55
122.50,57.29
124.11,55.04
125.56,52.83
126.85,50.52
128.07,47.98
129.24,45.21
130.36,42.33
131.39,39.43
132.35,36.54
133.26,33.68
134.13,30.82
134.93,27.94
135.70,25.04
136.44,22.12
137.15,19.20
137.81,16.28
138.45,13.34
139.07,10.41
139.67,7.47
140.24,4.52
140.81,1.57
141.37,-1.38
141.91,-4.33
142.45,-7.28
142.99,-10.23
143.53,-13.18
144.07,-16.13
144.62,-19.08
145.17,-22.02
145.71,-24.97
146.26,-27.92
146.81,-30.87
147.36,-33.82
147.91,-36.76
148.43,-39.68
148.90,-42.59
149.33,-45.52
149.69,-48.50
149.94,-51.52
150.05,-54.58
150.07,-57.67
149.92,-60.79
149.53,-63.82
148.86,-66.61
147.93,-69.09
146.61,-71.38
144.85,-73.46
142.76,-75.30
140.42,-76.91
137.95,-78.48
135.45,-80.22
132.98,-82.16
130.77,-84.49
129.21,-87.34
128.09,-90.46
127.57,-93.71
127.53,-96.91
127.64,-100.09
128.05,-103.20
128.75,-106.19
129.57,-109.12
130.48,-112.05
131.45,-114.96
132.47,-117.83
133.52,-120.65
134.60,-123.45
135.73,-126.23
136.92,-129.00
138.16,-131.78
139.41,-134.58
140.74,-137.35
142.12,-140.06
143.50,-142.74
144.88,-145.41
146.36,-148.04
147.91,-150.65
149.47,-153.24
151.02,-155.84
152.68,-158.36
154.40,-160.85
156.13,-163.34
157.84,-165.82
159.67,-168.21
161.56,-170.55
163.44,-172.88
165.31,-175.20
167.29,-177.44
169.34,-179.60
171.39,-181.76
173.45,-183.93
175.59,-186.00
177.78,-187.96
179.96,-189.90
182.16,-191.84
184.45,-193.68
186.80,-195.45
189.16,-197.19
191.50,-198.88
193.90,-200.45
196.33,-201.95
198.79,-203.42
201.32,-204.81
203.89,-206.19
206.50,-207.59
209.12,-209.00
211.75,-210.43
214.35,-211.96
216.92,-213.61
219.46,-215.38
221.92,-217.27
224.26,-219.28
226.42,-221.50
228.30,-223.85
229.86,-226.33
231.12,-228.99
231.92,-231.82
232.21,-234.73
231.91,-237.61
230.91,-240.32
229.39,-242.81
227.39,-245.07
225.02,-247.11
222.41,-248.93
219.68,-250.54
216.92,-251.93
214.14,-253.12
211.30,-254.13
208.44,-255.02
205.55,-255.83
202.62,-256.50
199.66,-257.12
196.64,-257.66
193.57,-258.09
190.49,-258.39
187.45,-258.63
184.41,-258.75
181.35,-258.75
178.29,-258.63
175.25,-258.42
172.23,-258.06
169.25,-257.59
166.30,-256.98
163.43,-256.25
160.74,-255.36
158.27,-254.34
156.02,-253.15
153.95,-251.77
152.05,-250.18
150.34,-248.39
148.75,-246.32
147.19,-243.84
145.68,-241.06
144.23,-238.26
142.87,-235.54
141.56,-232.91
140.27,-230.34
139.03,-227.80
137.80,-225.28
136.54,-222.79
135.23,-220.31
133.96,-217.78
132.62,-215.21
131.21,-212.58
129.74,-209.94
128.29,-207.24
126.84,-204.55
125.40,-201.86
123.92,-199.23
122.50,-196.59
121.09,-193.93
119.71,-191.27
118.25,-188.64
116.83,-185.99
115.46,-183.30
114.09,-180.61
112.65,-177.97
111.28,-175.31
109.98,-172.65
108.69,-170.01
107.32,-167.40
106.03,-164.74
104.80,-162.04
103.55,-159.36
102.25,-156.74
101.08,-154.13
100.00,-151.51
98.85,-148.84
97.62,-146.12
96.52,-143.34
95.47,-140.55
94.35,-137.77
93.19,-135.00
92.15,-132.17
91.16,-129.32
90.09,-126.50
88.98,-123.69
88.00,-120.85
87.07,-118.00
86.05,-115.17
85.00,-112.35
84.08,-109.50
83.19,-106.63
82.22,-103.79
81.24,-100.95
80.36,-98.09
79.52,-95.21
78.60,-92.35
77.67,-89.50
76.84,-86.61
76.04,-83.72
75.18,-80.84
74.32,-77.97
73.54,-75.07
72.77,-72.17
71.97,-69.28
71.17,-66.39
70.43,-63.48
69.71,-60.56
68.96,-57.66
68.22,-54.75
67.53,-51.83
66.86,-48.90
66.16,-45.98
65.49,-43.06
64.85,-40.12
64.21,-37.19
63.58,-34.25
62.96,-31.31
62.37,-28.37
61.78,-25.43
61.20,-22.48
60.64,-19.53
60.10,-16.58
59.56,-13.63
59.04,-10.67
58.54,-7.71
58.04,-4.76
57.56,-1.79
57.10,1.17
56.65,4.14
56.20,7.11
55.76,10.09
55.36,13.07
54.96,16.05
54.56,19.02
54.18,22.00
53.83,24.98
53.48,27.96
53.13,30.94
52.80,33.93
