# Suzuka International Racing Course - linha de corrida de curvatura mínima (x leste, y norte, metros) e elevação.
# Fonte: TUMFTM racetrack-database (LGPL-3.0), derivado do OpenStreetMap (ODbL).
# x_m,y_m,z_m
8.088,4.510,17.07
11.394,0.761,17.03
14.686,-3.000,17.00
17.967,-6.770,16.96
21.238,-10.549,16.93
24.501,-14.335,16.90
27.760,-18.124,16.87
31.016,-21.916,16.84
34.269,-25.711,16.81
37.519,-29.508,16.78
40.766,-33.307,16.76
44.012,-37.108,16.73
47.257,-40.910,16.70
50.500,-44.713,16.68
53.743,-48.516,16.65
56.985,-52.320,16.63
60.227,-56.124,16.60
63.469,-59.928,16.58
66.710,-63.732,16.55
69.951,-67.537,16.52
73.192,-71.342,16.50
76.433,-75.147,16.47
79.673,-78.953,16.45
82.912,-82.759,16.42
86.152,-86.565,16.40
89.391,-90.371,16.37
92.630,-94.178,16.35
95.868,-97.985,16.32
99.106,-101.792,16.30
102.344,-105.600,16.27
105.581,-109.408,16.25
108.818,-113.216,16.22
112.055,-117.025,16.20
115.291,-120.834,16.17
118.526,-124.643,16.15
121.762,-128.453,16.12
124.997,-132.263,16.10
128.231,-136.073,16.07
131.466,-139.883,16.05
134.699,-143.694,16.02
137.933,-147.506,16.00
141.166,-151.317,15.97
144.398,-155.129,15.95
147.631,-158.941,15.92
150.862,-162.754,15.90
154.094,-166.567,15.87
157.325,-170.380,15.85
160.555,-174.194,15.82
163.786,-178.008,15.80
167.016,-181.822,15.77
170.245,-185.637,15.75
173.474,-189.452,15.72
176.703,-193.267,15.69
179.931,-197.083,15.67
183.159,-200.898,15.64
186.386,-204.715,15.61
189.614,-208.531,15.58
192.840,-212.348,15.55
196.067,-216.165,15.52
199.293,-219.983,15.49
202.518,-223.801,15.45
205.743,-227.619,15.42
208.968,-231.438,15.38
212.193,-235.257,15.35
215.417,-239.076,15.31
218.640,-242.895,15.28
221.864,-246.715,15.24
225.086,-250.535,15.20
228.309,-254.356,15.16
231.531,-258.177,15.12
234.753,-261.998,15.08
237.974,-265.819,15.04
241.195,-269.641,15.00
244.416,-273.463,14.96
247.636,-277.285,14.92
250.856,-281.108,14.87
254.075,-284.931,14.83
257.294,-288.755,14.79
260.513,-292.578,14.75
263.731,-296.402,14.71
266.949,-300.227,14.67
270.167,-304.051,14.62
273.384,-307.876,14.58
276.600,-311.702,14.54
279.817,-315.527,14.50
283.033,-319.353,14.46
286.249,-323.180,14.42
289.464,-327.006,14.37
292.679,-330.833,14.33
295.893,-334.660,14.29
299.107,-338.488,14.25
302.321,-342.316,14.21
305.534,-346.144,14.17
308.747,-349.972,14.12
311.960,-353.801,14.08
315.172,-357.630,14.04
318.384,-361.460,14.00
321.596,-365.289,13.96
324.807,-369.119,13.92
328.018,-372.950,13.87
331.228,-376.780,13.83
334.438,-380.611,13.79
337.648,-384.443,13.75
340.857,-388.274,13.71
344.066,-392.106,13.66
347.274,-395.939,13.62
350.483,-399.771,13.58
353.690,-403.604,13.53
356.898,-407.437,13.49
360.105,-411.270,13.44
363.312,-415.104,13.39
366.519,-418.938,13.34
369.726,-422.771,13.29
372.932,-426.605,13.23
376.139,-430.439,13.17
379.346,-434.272,13.10
382.553,-438.106,13.03
385.759,-441.940,12.96
388.959,-445.779,12.88
392.143,-449.632,12.79
395.300,-453.507,12.70
398.425,-457.407,12.60
401.515,-461.336,12.49
404.565,-465.296,12.38
407.570,-469.289,12.27
410.527,-473.319,12.14
413.429,-477.388,12.02
416.268,-481.501,11.89
419.038,-485.662,11.75
421.730,-489.872,11.62
424.337,-494.137,11.48
426.850,-498.457,11.33
429.261,-502.835,11.19
431.561,-507.272,11.05
433.741,-511.769,10.90
435.793,-516.327,10.76
437.708,-520.943,10.62
439.477,-525.618,10.47
441.091,-530.347,10.33
442.542,-535.130,10.18
443.819,-539.962,10.04
444.910,-544.839,9.90
445.806,-549.756,9.76
446.496,-554.706,9.62
446.976,-559.680,9.49
447.243,-564.671,9.35
447.294,-569.668,9.21
447.127,-574.663,9.07
446.737,-579.645,8.94
446.124,-584.605,8.80
445.288,-589.533,8.67
444.231,-594.417,8.53
442.953,-599.249,8.40
441.453,-604.016,8.27
439.726,-608.705,8.13
437.767,-613.303,8.00
435.573,-617.793,7.87
433.142,-622.159,7.73
430.473,-626.385,7.60
427.566,-630.450,7.47
424.424,-634.335,7.34
421.047,-638.019,7.21
417.440,-641.478,7.08
413.615,-644.694,6.95
409.584,-647.647,6.83
405.357,-650.313,6.70
400.949,-652.665,6.58
396.374,-654.675,6.45
391.653,-656.311,6.21
386.811,-657.543,6.09
381.881,-658.358,5.98
376.900,-658.751,5.86
371.903,-658.720,5.75
366.928,-658.264,5.64
362.010,-657.381,5.53
357.187,-656.079,5.43
352.485,-654.390,5.33
347.924,-652.349,5.23
343.523,-649.981,5.13
339.295,-647.317,5.04
335.244,-644.390,4.95
331.370,-641.233,4.86
327.668,-637.875,4.78
324.132,-634.343,4.70
320.754,-630.661,4.63
317.522,-626.848,4.56
314.424,-622.926,4.50
311.447,-618.912,4.45
308.574,-614.822,4.41
305.793,-610.669,4.37
303.088,-606.466,4.34
300.451,-602.221,4.32
297.871,-597.940,4.30
295.342,-593.629,4.30
292.855,-589.293,4.29
290.402,-584.938,4.30
287.975,-580.570,4.31
285.564,-576.191,4.32
283.160,-571.809,4.34
280.756,-567.428,4.36
278.340,-563.052,4.39
275.905,-558.687,4.41
273.441,-554.339,4.44
270.939,-550.012,4.47
268.390,-545.713,4.51
265.786,-541.447,4.54
263.117,-537.222,4.57
260.373,-533.044,4.61
257.548,-528.921,4.64
254.632,-524.862,4.68
251.618,-520.875,4.72
248.499,-516.969,4.76
245.271,-513.155,4.80
241.926,-509.441,4.85
238.460,-505.840,4.90
234.869,-502.364,4.95
231.149,-499.027,5.00
227.295,-495.845,5.06
223.303,-492.837,5.12
219.175,-490.021,5.18
214.911,-487.415,5.25
210.517,-485.032,5.32
206.004,-482.887,5.40
201.381,-480.990,5.48
196.666,-479.337,5.65
191.878,-477.906,5.74
187.035,-476.669,5.83
182.153,-475.597,5.92
177.244,-474.657,6.01
172.317,-473.816,6.11
167.380,-473.041,6.20
162.437,-472.298,6.30
157.495,-471.552,6.40
152.558,-470.769,6.50
147.634,-469.911,6.60
142.731,-468.941,6.70
137.860,-467.820,6.80
133.037,-466.512,6.90
128.277,-464.988,7.00
123.601,-463.224,7.10
119.037,-461.190,7.20
114.617,-458.858,7.30
110.382,-456.209,7.40
106.367,-453.236,7.50
102.595,-449.960,7.60
99.073,-446.415,7.70
95.801,-442.637,7.80
92.777,-438.659,7.90
89.994,-434.507,8.00
87.443,-430.209,8.10
85.112,-425.788,8.21
82.977,-421.270,8.31
81.008,-416.676,8.41
79.176,-412.026,8.52
77.449,-407.336,8.63
75.801,-402.618,8.73
74.213,-397.879,8.84
72.670,-393.124,8.95
71.157,-388.360,9.06
69.658,-383.592,9.18
68.149,-378.827,9.29
66.605,-374.074,9.41
64.998,-369.341,9.53
63.303,-364.640,9.65
61.495,-359.980,9.77
59.550,-355.376,9.89
57.444,-350.844,10.01
55.155,-346.401,10.13
52.662,-342.070,10.37
49.953,-337.871,10.49
47.024,-333.822,10.62
43.878,-329.939,10.74
40.521,-326.237,10.87
36.959,-322.732,10.99
33.196,-319.443,11.12
29.238,-316.393,11.24
25.094,-313.601,11.37
20.782,-311.074,11.49
16.326,-308.812,11.62
11.747,-306.811,11.74
7.066,-305.063,11.87
2.303,-303.550,11.99
-2.522,-302.250,12.12
-7.396,-301.141,12.24
-12.305,-300.200,12.37
-17.239,-299.405,12.49
-22.191,-298.728,12.62
-27.155,-298.139,12.75
-32.125,-297.610,12.87
-37.098,-297.109,13.00
-42.071,-296.607,13.13
-47.041,-296.076,13.26
-52.005,-295.490,13.39
-56.958,-294.824,13.52
-61.896,-294.053,13.65
-66.811,-293.146,13.79
-71.690,-292.065,13.92
-76.519,-290.777,14.06
-81.285,-289.276,14.20
-85.978,-287.557,14.34
-90.580,-285.608,14.48
-95.068,-283.410,14.62
-99.420,-280.953,14.91
-103.617,-278.242,15.05
-107.649,-275.289,15.20
-111.501,-272.106,15.35
-115.161,-268.703,15.49
-118.613,-265.089,15.64
-121.842,-261.276,15.79
-124.835,-257.273,15.94
-127.575,-253.094,16.09
-130.046,-248.751,16.24
-132.233,-244.258,16.39
-134.118,-239.630,16.54
-135.684,-234.884,16.69
-136.913,-230.041,16.84
-137.798,-225.123,16.99
-138.352,-220.157,17.14
-138.599,-215.166,17.29
-138.558,-210.168,17.44
-138.248,-205.180,17.59
-137.693,-200.213,17.74
-136.926,-195.275,17.89
-135.976,-190.368,18.04
-134.877,-185.493,18.19
-133.656,-180.646,18.34
-132.340,-175.824,18.49
-130.952,-171.023,18.64
-129.513,-166.237,18.80
-128.045,-161.459,18.95
-126.568,-156.684,19.10
-125.103,-151.905,19.26
-123.670,-147.117,19.42
-122.288,-142.314,19.57
-120.977,-137.491,19.73
-119.761,-132.643,19.89
-118.670,-127.766,20.06
-117.735,-122.856,20.22
-116.986,-117.915,20.38
-116.455,-112.945,20.71
-116.166,-107.956,20.88
-116.138,-102.959,21.05
-116.393,-97.968,21.22
-116.948,-93.002,21.39
-117.821,-88.082,21.57
-119.016,-83.230,21.74
-120.517,-78.463,21.91
-122.302,-73.795,22.09
-124.351,-69.237,22.26
-126.645,-64.797,22.44
-129.166,-60.482,22.61
-131.896,-56.296,22.78
-134.822,-52.245,22.96
-137.933,-48.334,23.13
-141.218,-44.567,23.31
-144.667,-40.951,23.48
-148.270,-37.487,23.65
-152.014,-34.177,23.83
-155.886,-31.016,24.01
-159.872,-28.002,24.18
-163.962,-25.130,24.36
-168.147,-22.396,24.53
-172.417,-19.800,24.71
-176.769,-17.343,24.88
-181.197,-15.024,25.06
-185.694,-12.844,25.23
-190.256,-10.802,25.41
-194.875,-8.894,25.58
-199.546,-7.115,25.76
-204.261,-5.459,25.93
-209.017,-3.923,26.11
-213.811,-2.509,26.28
-218.641,-1.223,26.46
-223.503,-0.068,26.63
-228.396,0.951,26.81
-233.316,1.832,26.98
-238.258,2.578,27.15
-243.218,3.193,27.33
-248.192,3.680,27.50
-253.177,4.044,27.68
-258.169,4.286,27.85
-263.165,4.412,28.03
-268.163,4.424,28.21
-273.160,4.326,28.38
-278.154,4.121,28.56
-283.142,3.808,28.73
-288.122,3.388,28.91
-293.093,2.862,29.08
-298.050,2.231,29.26
-302.994,1.493,29.43
-307.920,0.650,29.61
-312.827,-0.297,29.78
-317.713,-1.349,29.95
-322.575,-2.507,30.13
-327.410,-3.772,30.30
-332.216,-5.148,30.48
-336.987,-6.635,30.65
-341.721,-8.237,30.83
-346.418,-9.946,31.00
-351.078,-11.752,31.18
-355.703,-13.648,31.35
-360.293,-15.624,31.53
-364.850,-17.678,31.70
-369.369,-19.812,31.87
-373.847,-22.032,32.04
-378.281,-24.339,32.21
-382.665,-26.739,32.38
-386.996,-29.233,32.55
-391.272,-31.822,32.72
-395.488,-34.505,32.89
-399.641,-37.285,33.05
-403.729,-40.162,33.22
-407.747,-43.133,33.37
-411.696,-46.197,33.53
-415.572,-49.353,33.68
-419.376,-52.594,33.83
-423.110,-55.917,33.97
-426.776,-59.313,34.11
-430.377,-62.779,34.25
-433.916,-66.308,34.39
-437.396,-69.896,34.52
-440.820,-73.537,34.65
-444.191,-77.227,34.78
-447.513,-80.961,34.91
-450.791,-84.735,35.03
-454.027,-88.544,35.16
-457.226,-92.384,35.28
-460.392,-96.251,35.40
-463.529,-100.142,35.52
-466.641,-104.053,35.64
-469.732,-107.981,35.76
-472.805,-111.922,35.88
-475.865,-115.874,36.00
-478.914,-119.834,36.12
-481.957,-123.800,36.24
-484.997,-127.767,36.35
-488.038,-131.733,36.47
-491.084,-135.696,36.59
-494.138,-139.652,36.70
-497.204,-143.599,36.82
-500.287,-147.533,36.93
-503.393,-151.449,37.03
-506.536,-155.335,37.14
-509.738,-159.173,37.24
-513.014,-162.947,37.33
-516.374,-166.647,37.42
-519.819,-170.269,37.50
-523.349,-173.807,37.57
-526.970,-177.252,37.62
-530.684,-180.597,37.67
-534.492,-183.833,37.70
-538.398,-186.951,37.72
-542.405,-189.937,37.72
-546.524,-192.768,37.70
-550.766,-195.411,37.67
-555.147,-197.813,37.55
-559.668,-199.943,37.48
-564.294,-201.835,37.38
-568.996,-203.526,37.27
-573.760,-205.038,37.15
-578.571,-206.389,37.02
-583.422,-207.595,36.88
-588.305,-208.663,36.74
-593.213,-209.606,36.59
-598.143,-210.432,36.43
-603.090,-211.145,36.27
-608.050,-211.755,36.10
-613.020,-212.281,35.94
-617.996,-212.756,35.77
-622.973,-213.208,35.60
-627.952,-213.648,35.42
-632.931,-214.082,35.25
-637.910,-214.514,35.07
-642.889,-214.951,34.89
-647.868,-215.393,34.71
-652.847,-215.818,34.52
-657.833,-216.167,34.33
-662.826,-216.387,34.13
-667.824,-216.437,33.93
-672.819,-216.268,33.73
-677.797,-215.826,33.51
-682.735,-215.057,33.29
-687.598,-213.911,33.05
-692.341,-212.337,32.80
-696.898,-210.286,32.55
-701.177,-207.709,32.30
-705.079,-204.597,32.04
-708.549,-201.010,31.77
-711.613,-197.064,31.48
-714.288,-192.844,31.18
-716.611,-188.420,30.88
-718.624,-183.844,30.57
-720.368,-179.159,30.26
-721.877,-174.393,29.94
-723.184,-169.569,29.63
-724.342,-164.708,29.32
-725.432,-159.831,29.01
-726.505,-154.949,28.70
-727.573,-150.066,28.40
-728.636,-145.183,28.10
-729.694,-140.298,27.82
-730.748,-135.412,27.54
-731.797,-130.525,27.27
-732.842,-125.638,27.02
-733.883,-120.749,26.77
-734.920,-115.860,26.53
-735.954,-110.970,26.30
-736.984,-106.080,26.09
-738.012,-101.188,25.88
-739.038,-96.297,25.68
-740.060,-91.404,25.48
-741.081,-86.512,25.30
-742.100,-81.618,25.12
-743.118,-76.725,24.94
-744.134,-71.831,24.77
-745.149,-66.937,24.60
-746.163,-62.043,24.43
-747.177,-57.149,24.27
-748.191,-52.255,24.10
-749.204,-47.361,23.94
-750.218,-42.467,23.78
-751.233,-37.573,23.63
-752.248,-32.679,23.47
-753.265,-27.785,23.31
-754.282,-22.892,23.16
-755.302,-17.999,23.01
-756.323,-13.106,22.86
-757.347,-8.214,22.72
-758.373,-3.323,22.58
-759.401,1.568,22.45
-760.432,6.459,22.32
-761.463,11.350,22.20
-762.484,16.242,22.08
-763.480,21.140,21.97
-764.441,26.045,21.87
-765.359,30.958,21.77
-766.229,35.880,21.69
-767.042,40.811,21.61
-767.791,45.753,21.53
-768.467,50.705,21.46
-769.062,55.668,21.40
-769.567,60.640,21.34
-769.973,65.622,21.29
-770.273,70.610,21.24
-770.457,75.605,21.20
-770.517,80.603,21.15
-770.444,85.600,21.11
-770.223,90.593,21.07
-769.842,95.576,21.04
-769.287,100.543,21.00
-768.546,105.485,20.96
-767.606,110.394,20.93
-766.467,115.260,20.89
-765.144,120.079,20.86
-763.662,124.852,20.82
-762.041,129.580,20.79
-760.299,134.265,20.76
-758.453,138.909,20.72
-756.518,143.517,20.69
-754.512,148.095,20.66
-752.451,152.649,20.62
-750.355,157.186,20.59
-748.242,161.715,20.55
-746.131,166.245,20.52
-744.037,170.783,20.49
-741.970,175.334,20.46
-739.947,179.904,20.43
-738.006,184.509,20.40
-736.220,189.177,20.37
-734.688,193.934,20.34
-733.521,198.792,20.31
-732.835,203.741,20.29
-732.749,208.737,20.27
-733.380,213.693,20.26
-734.841,218.469,20.25
-737.219,222.864,20.23
-740.516,226.604,20.24
-744.616,229.391,20.24
-749.293,231.072,20.27
-754.256,231.658,20.29
-759.237,231.229,20.32
-764.059,229.922,20.35
-768.615,227.872,20.38
-772.844,225.210,20.42
-776.717,222.054,20.46
-780.232,218.502,20.51
-783.408,214.645,20.55
-786.282,210.557,20.60
-788.902,206.302,20.65
-791.327,201.932,20.70
-793.614,197.488,20.75
-795.823,193.005,20.80
-798.011,188.512,20.86
-800.218,184.029,20.91
-802.455,179.559,20.96
-804.722,175.105,21.02
-807.020,170.666,21.07
-809.350,166.244,21.13
-811.711,161.839,21.18
-814.105,157.452,21.24
-816.534,153.084,21.29
-818.999,148.736,21.34
-821.503,144.410,21.40
-824.045,140.107,21.45
-826.629,135.828,21.51
-829.255,131.576,21.56
-831.925,127.351,21.62
-834.642,123.156,21.67
-837.409,118.994,21.73
-840.233,114.871,21.78
-843.123,110.792,21.84
-846.083,106.765,21.89
-849.119,102.795,21.95
-852.232,98.885,22.01
-855.420,95.035,22.06
-858.681,91.248,22.12
-862.013,87.523,22.18
-865.418,83.864,22.25
-868.898,80.277,22.31
-872.455,76.766,22.37
-876.092,73.338,22.44
-879.811,69.998,22.51
-883.612,66.753,22.58
-887.496,63.608,22.65
-891.463,60.568,22.73
-895.512,57.638,22.80
-899.641,54.822,22.88
-903.847,52.122,22.96
-908.127,49.541,23.04
-912.477,47.081,23.13
-916.896,44.745,23.21
-921.380,42.538,23.30
-925.927,40.464,23.38
-930.534,38.526,23.47
-935.194,36.719,23.56
-939.904,35.047,23.65
-944.661,33.513,23.74
-949.460,32.116,23.83
-954.291,30.837,23.92
-959.147,29.658,24.00
-964.027,28.577,24.09
-968.928,27.597,24.18
-973.848,26.720,24.27
-978.786,25.948,24.36
-983.740,25.282,24.45
-988.706,24.720,24.54
-993.683,24.262,24.63
-998.668,23.905,24.72
-1003.660,23.648,24.81
-1008.655,23.492,24.90
-1013.653,23.433,24.99
-1018.651,23.472,25.08
-1023.647,23.608,25.17
-1028.640,23.839,25.26
-1033.627,24.164,25.35
-1038.608,24.581,25.44
-1043.580,25.089,25.53
-1048.542,25.685,25.62
-1053.493,26.366,25.71
-1058.433,27.129,25.80
-1063.359,27.972,25.89
-1068.272,28.892,25.98
-1073.170,29.886,26.07
-1078.053,30.954,26.16
-1082.919,32.092,26.25
-1087.769,33.300,26.34
-1092.602,34.575,26.43
-1097.417,35.915,26.52
-1102.214,37.319,26.60
-1106.992,38.784,26.69
-1111.751,40.311,26.78
-1116.489,41.902,26.86
-1121.206,43.555,26.95
-1125.902,45.267,27.03
-1130.576,47.036,27.12
-1135.230,48.860,27.20
-1139.860,50.740,27.28
-1144.466,52.681,27.37
-1149.045,54.685,27.45
-1153.593,56.757,27.53
-1158.109,58.899,27.61
-1162.591,61.110,27.69
-1167.039,63.390,27.77
-1171.451,65.738,27.86
-1175.827,68.153,27.94
-1180.165,70.635,28.02
-1184.465,73.183,28.10
-1188.726,75.796,28.18
-1192.946,78.474,28.26
-1197.124,81.216,28.34
-1201.261,84.022,28.42
-1205.352,86.892,28.50
-1209.399,89.826,28.58
-1213.398,92.824,28.66
-1217.348,95.886,28.74
-1221.248,99.011,28.82
-1225.096,102.201,28.90
-1228.890,105.454,28.98
-1232.630,108.770,29.06
-1236.312,112.150,29.14
-1239.936,115.591,29.22
-1243.500,119.095,29.30
-1247.003,122.661,29.38
-1250.441,126.288,29.46
-1253.814,129.976,29.54
-1257.120,133.725,29.62
-1260.355,137.534,29.70
-1263.519,141.403,29.78
-1266.610,145.331,29.86
-1269.624,149.318,29.94
-1272.560,153.363,30.01
-1275.414,157.466,30.09
-1278.184,161.625,30.17
-1280.872,165.839,30.25
-1283.480,170.103,30.33
-1286.011,174.413,30.40
-1288.469,178.765,30.48
-1290.858,183.154,30.55
-1293.185,187.578,30.62
-1295.453,192.031,30.69
-1297.669,196.511,30.76
-1299.837,201.015,30.83
-1301.964,205.538,30.90
-1304.054,210.078,30.96
-1306.113,214.632,31.03
-1308.147,219.197,31.09
-1310.161,223.772,31.15
-1312.158,228.353,31.21
-1314.144,232.940,31.26
-1316.123,237.529,31.32
-1318.100,242.120,31.37
-1320.078,246.710,31.43
-1322.064,251.297,31.48
-1324.060,255.879,31.53
-1326.072,260.454,31.58
-1328.105,265.020,31.63
-1330.162,269.575,31.68
-1332.251,274.116,31.73
-1334.384,278.635,31.79
-1336.576,283.127,31.84
-1338.835,287.586,31.89
-1341.169,292.006,31.94
-1343.584,296.381,31.99
-1346.090,300.706,32.04
-1348.694,304.972,32.09
-1351.406,309.170,32.14
-1354.236,313.290,32.19
-1357.190,317.321,32.24
-1360.280,321.249,32.29
-1363.525,325.050,32.34
-1366.942,328.697,32.39
-1370.530,332.176,32.44
-1374.278,335.482,32.49
-1378.180,338.604,32.59
-1382.231,341.529,32.64
-1386.426,344.243,32.69
-1390.754,346.742,32.73
-1395.203,349.019,32.78
-1399.762,351.067,32.83
-1404.418,352.882,32.88
-1409.160,354.459,32.93
-1413.977,355.793,32.98
-1418.853,356.886,33.03
-1423.778,357.738,33.08
-1428.738,358.352,33.12
-1433.721,358.728,33.17
-1438.717,358.868,33.21
-1443.713,358.768,33.26
-1448.699,358.425,33.30
-1453.662,357.835,33.34
-1458.589,356.995,33.38
-1463.465,355.902,33.42
-1468.278,354.555,33.46
-1473.013,352.956,33.49
-1477.657,351.108,33.49
-1482.194,349.014,33.53
-1486.612,346.676,33.56
-1490.893,344.099,33.59
-1495.023,341.285,33.62
-1498.985,338.240,33.65
-1502.758,334.963,33.68
-1506.312,331.450,33.71
-1509.611,327.697,33.76
-1512.633,323.717,33.79
-1515.355,319.527,33.81
-1517.765,315.151,33.84
-1519.861,310.615,33.87
-1521.627,305.941,33.89
-1523.041,301.148,33.92
-1524.092,296.262,33.94
-1524.772,291.312,33.97
-1525.080,286.325,33.99
-1525.032,281.328,34.02
-1524.652,276.346,34.04
-1523.958,271.397,34.07
-1522.969,266.498,34.09
-1521.702,261.664,34.12
-1520.173,256.906,34.14
-1518.399,252.234,34.19
-1516.399,247.654,34.22
-1514.187,243.172,34.24
-1511.781,238.792,34.27
-1509.195,234.515,34.29
-1506.444,230.343,34.32
-1503.540,226.275,34.34
-1500.497,222.310,34.37
-1497.328,218.446,34.40
-1494.043,214.678,34.42
-1490.656,211.004,34.45
-1487.176,207.416,34.47
-1483.614,203.910,34.50
-1479.979,200.480,34.53
-1476.281,197.117,34.53
-1472.529,193.815,34.55
-1468.731,190.567,34.58
-1464.894,187.364,34.61
-1461.024,184.201,34.64
-1457.129,181.069,34.66
-1453.213,177.963,34.69
-1449.276,174.884,34.72
-1445.320,171.830,34.75
-1441.342,168.803,34.78
-1437.345,165.804,34.81
-1433.326,162.831,34.83
-1429.288,159.886,34.86
-1425.230,156.968,34.89
-1421.154,154.077,34.92
-1417.059,151.211,34.95
-1412.946,148.371,34.98
-1408.816,145.556,35.00
-1404.670,142.765,35.03
-1400.507,139.998,35.06
-1396.330,137.255,35.09
-1392.137,134.534,35.12
-1387.929,131.837,35.15
-1383.707,129.161,35.18
-1379.471,126.509,35.20
-1375.222,123.878,35.23
-1370.958,121.270,35.26
-1366.682,118.683,35.29
-1362.392,116.118,35.32
-1358.090,113.574,35.35
-1353.775,111.052,35.38
-1349.448,108.550,35.40
-1345.108,106.070,35.43
-1340.757,103.611,35.46
-1336.394,101.172,35.49
-1332.020,98.755,35.52
-1327.634,96.358,35.55
-1323.238,93.981,35.58
-1318.830,91.625,35.61
-1314.411,89.289,35.63
-1309.982,86.973,35.66
-1305.542,84.677,35.69
-1301.093,82.401,35.72
-1296.633,80.145,35.75
-1292.163,77.909,35.78
-1287.683,75.692,35.81
-1283.194,73.495,35.83
-1278.695,71.317,35.86
-1274.188,69.159,35.89
-1269.671,67.019,35.92
-1265.145,64.897,35.95
-1260.612,62.793,35.98
-1256.070,60.707,36.00
-1251.520,58.638,36.03
-1246.963,56.585,36.06
-1242.399,54.548,36.09
-1237.828,52.527,36.12
-1233.250,50.521,36.15
-1228.666,48.529,36.18
-1224.075,46.552,36.20
-1219.479,44.589,36.23
-1214.877,42.639,36.26
-1210.270,40.701,36.29
-1205.658,38.776,36.32
-1201.040,36.863,36.34
-1196.418,34.961,36.37
-1191.791,33.070,36.40
-1187.160,31.191,36.43
-1182.522,29.327,36.45
-1177.878,27.480,36.48
-1173.226,25.653,36.51
-1168.567,23.846,36.53
-1163.899,22.058,36.56
-1159.225,20.287,36.59
-1154.547,18.528,36.61
-1149.865,16.780,36.64
-1145.179,15.040,36.66
-1140.491,13.308,36.69
-1135.799,11.585,36.72
-1131.105,9.869,36.74
-1126.408,8.161,36.77
-1121.708,6.459,36.79
-1117.006,4.765,36.82
-1112.301,3.078,36.84
-1107.594,1.397,36.87
-1102.885,-0.278,36.89
-1098.174,-1.946,36.92
-1093.461,-3.610,36.94
-1088.746,-5.268,36.97
-1084.029,-6.922,36.99
-1079.311,-8.571,37.02
-1074.591,-10.216,37.04
-1069.871,-11.857,37.07
-1065.148,-13.494,37.09
-1060.425,-15.129,37.12
-1055.701,-16.761,37.14
-1050.976,-18.391,37.17
-1046.251,-20.018,37.19
-1041.524,-21.644,37.22
-1036.798,-23.269,37.24
-1032.071,-24.893,37.27
-1027.343,-26.515,37.29
-1022.616,-28.138,37.32
-1017.889,-29.761,37.34
-1013.162,-31.384,37.37
-1008.434,-33.007,37.39
-1003.707,-34.631,37.42
-998.981,-36.255,37.44
-994.254,-37.879,37.47
-989.527,-39.504,37.49
-984.801,-41.128,37.52
-980.074,-42.754,37.54
-975.348,-44.379,37.57
-970.621,-46.005,37.59
-965.895,-47.630,37.62
-961.169,-49.256,37.64
-956.443,-50.883,37.67
-951.717,-52.509,37.69
-946.991,-54.136,37.71
-942.265,-55.762,37.74
-937.539,-57.389,37.76
-932.813,-59.016,37.78
-928.088,-60.644,37.80
-923.362,-62.272,37.83
-918.637,-63.900,37.85
-913.911,-65.529,37.86
-909.187,-67.158,37.88
-904.462,-68.789,37.90
-899.738,-70.420,37.91
-895.014,-72.053,37.93
-890.290,-73.686,37.94
-885.567,-75.321,37.95
-880.845,-76.958,37.96
-876.122,-78.596,37.97
-871.401,-80.235,37.97
-866.680,-81.877,37.98
-861.960,-83.520,37.98
-857.240,-85.165,37.99
-852.521,-86.812,37.99
-847.803,-88.462,37.99
-843.086,-90.113,38.00
-838.369,-91.766,38.00
-833.653,-93.420,38.00
-828.936,-95.073,38.00
-824.219,-96.725,38.00
-819.501,-98.375,38.00
-814.782,-100.021,38.00
-810.061,-101.662,38.00
-805.338,-103.298,38.00
-800.613,-104.926,37.99
-795.885,-106.547,37.99
-791.153,-108.158,37.99
-786.419,-109.759,37.98
-781.680,-111.349,37.97
-776.937,-112.925,37.96
-772.187,-114.480,37.95
-767.428,-116.006,37.93
-762.656,-117.491,37.91
-757.868,-118.927,37.89
-753.064,-120.305,37.86
-748.242,-121.622,37.82
-743.404,-122.874,37.78
-738.548,-124.058,37.73
-733.675,-125.170,37.68
-728.785,-126.205,37.62
-723.879,-127.159,37.55
-718.957,-128.027,37.48
-714.019,-128.798,37.40
-709.066,-129.464,37.31
-704.098,-130.014,37.23
-699.118,-130.436,37.13
-694.128,-130.721,37.03
-689.132,-130.862,36.93
-684.134,-130.852,36.83
-679.139,-130.681,36.72
-674.153,-130.346,36.61
-669.179,-129.850,36.50
-664.223,-129.202,36.39
-659.288,-128.412,36.28
-654.377,-127.487,36.16
-649.491,-126.436,36.04
-644.632,-125.266,35.92
-639.800,-123.986,35.80
-634.998,-122.604,35.67
-630.224,-121.126,35.55
-625.480,-119.553,35.42
-620.769,-117.884,35.29
-616.094,-116.116,35.15
-611.459,-114.246,35.02
-606.864,-112.278,34.88
-602.310,-110.219,34.73
-597.795,-108.075,34.58
-593.319,-105.854,34.43
-588.879,-103.559,34.27
-584.478,-101.190,34.12
-580.119,-98.745,33.95
-575.805,-96.220,33.79
-571.540,-93.614,33.63
-567.324,-90.930,33.29
-563.153,-88.175,33.12
-559.024,-85.360,32.95
-554.930,-82.493,32.77
-550.868,-79.582,32.77
-546.837,-76.627,32.60
-542.840,-73.626,32.43
-538.880,-70.577,32.08
-534.959,-67.477,31.90
-531.078,-64.327,31.73
-527.235,-61.132,31.56
-523.426,-57.895,31.38
-519.649,-54.622,31.20
-515.901,-51.316,31.03
-512.179,-47.980,30.86
-508.481,-44.617,30.68
-504.807,-41.229,30.51
-501.155,-37.816,30.33
-497.524,-34.382,30.16
-493.911,-30.929,29.98
-490.316,-27.457,29.81
-486.736,-23.969,29.64
-483.171,-20.466,29.46
-479.618,-16.951,29.29
-476.075,-13.425,29.12
-472.542,-9.890,28.95
-469.017,-6.347,28.79
-465.497,-2.798,28.62
-461.981,0.754,28.45
-458.468,4.310,28.29
-454.956,7.865,28.13
-451.443,11.421,27.97
-447.927,14.973,27.81
-444.408,18.522,27.65
-440.884,22.067,27.49
-437.354,25.604,27.34
-433.815,29.134,27.19
-430.268,32.655,27.03
-426.710,36.166,26.88
-423.141,39.665,26.73
-419.559,43.150,26.58
-415.962,46.620,26.43
-412.347,50.071,26.28
-408.711,53.501,26.13
-405.052,56.906,25.99
-401.366,60.282,25.84
-397.651,63.625,25.84
-393.904,66.933,25.69
-390.123,70.201,25.55
-386.304,73.425,25.40
-382.440,76.596,25.25
-378.507,79.678,25.11
-374.456,82.606,24.96
-370.256,85.315,24.81
-365.892,87.754,24.67
-361.356,89.851,24.52
-356.647,91.519,24.38
-351.782,92.665,24.23
-346.816,93.180,24.09
-341.836,92.979,23.82
-336.940,92.010,23.68
-332.225,90.352,23.55
-327.724,88.176,23.41
-323.402,85.664,23.28
-319.175,82.995,23.15
-314.937,80.344,23.02
-310.584,77.891,22.89
-306.034,75.827,22.76
-301.263,74.357,22.64
-296.325,73.645,22.52
-291.333,73.751,22.29
-286.416,74.629,22.18
-281.663,76.164,22.06
-277.112,78.226,21.94
-272.767,80.693,21.83
-268.603,83.456,21.71
-264.580,86.421,21.60
-260.652,89.512,21.49
-256.771,92.661,21.38
-252.883,95.801,21.27
-248.926,98.855,21.16
-244.849,101.745,21.05
-240.625,104.415,20.94
-236.259,106.847,20.82
-231.770,109.043,20.71
-227.174,111.007,20.60
-222.489,112.745,20.49
-217.727,114.264,20.38
-212.902,115.565,20.28
-208.024,116.651,20.17
-203.104,117.526,20.06
-198.150,118.192,19.96
-193.174,118.652,19.85
-188.183,118.911,19.75
-183.186,118.978,19.65
-178.189,118.866,19.56
-173.199,118.588,19.47
-168.220,118.156,19.37
-163.256,117.577,19.29
-158.310,116.855,19.20
-153.387,115.993,19.12
-148.491,114.992,19.05
-143.623,113.857,18.98
-138.789,112.587,18.91
-133.993,111.183,18.84
-129.238,109.644,18.78
-124.528,107.972,18.71
-119.867,106.168,18.66
-115.255,104.242,18.60
-110.692,102.202,18.54
-106.178,100.056,18.49
-101.713,97.812,18.44
-97.296,95.473,18.39
-92.928,93.043,18.33
-88.610,90.526,18.28
-84.342,87.925,18.23
-80.125,85.243,18.18
-75.958,82.484,18.13
-71.841,79.649,18.08
-67.775,76.743,18.04
-63.758,73.768,17.99
-59.791,70.728,17.94
-55.873,67.625,17.89
-52.003,64.462,17.84
-48.180,61.243,17.79
-44.403,57.970,17.74
-40.670,54.647,17.69
-36.978,51.277,17.64
-33.327,47.864,17.59
-29.713,44.412,17.55
-26.134,40.923,17.50
-22.589,37.399,17.45
-19.076,33.844,17.40
-15.594,30.259,17.36
-12.140,26.647,17.31
-8.712,23.009,17.27
-5.310,19.348,17.23
-1.930,15.666,17.19
1.428,11.964,17.14
4.767,8.244,17.11
