# Suzuka International Racing Course - linha central (x leste, y norte, metros), larguras e elevação.
# Fonte: TUMFTM racetrack-database (LGPL-3.0), derivado do OpenStreetMap (ODbL);
# elevação aproximada do circuito real (tools/build_suzuka.py).
# x_m,y_m,w_tr_right_m,w_tr_left_m,z_m
3.105,0.142,7.185,7.433,17.07
6.392,-3.628,7.141,7.434,17.03
9.673,-7.403,7.143,7.435,17.00
12.948,-11.183,7.144,7.436,16.96
16.218,-14.967,7.146,7.436,16.93
19.483,-18.755,7.148,7.437,16.90
22.744,-22.546,7.149,7.438,16.87
26.001,-26.341,7.151,7.438,16.84
29.255,-30.139,7.153,7.439,16.81
32.506,-33.938,7.154,7.440,16.78
35.755,-37.740,7.156,7.440,16.76
39.002,-41.543,7.158,7.441,16.73
42.247,-45.348,7.160,7.442,16.70
45.491,-49.153,7.161,7.442,16.68
48.735,-52.959,7.163,7.443,16.65
51.979,-56.764,7.165,7.444,16.63
55.224,-60.570,7.166,7.444,16.60
58.469,-64.374,7.168,7.445,16.58
61.715,-68.178,7.170,7.446,16.55
64.962,-71.982,7.171,7.446,16.52
68.210,-75.785,7.173,7.447,16.50
71.458,-79.587,7.175,7.448,16.47
74.707,-83.389,7.176,7.448,16.45
77.956,-87.190,7.178,7.449,16.42
81.206,-90.991,7.180,7.449,16.40
84.456,-94.792,7.182,7.450,16.37
87.707,-98.592,7.183,7.451,16.35
90.958,-102.392,7.185,7.451,16.32
94.209,-106.192,7.187,7.452,16.30
97.460,-109.992,7.188,7.453,16.27
100.712,-113.792,7.190,7.453,16.25
103.963,-117.592,7.192,7.454,16.22
107.215,-121.391,7.193,7.455,16.20
110.466,-125.191,7.195,7.455,16.17
113.717,-128.991,7.197,7.456,16.15
116.969,-132.791,7.199,7.457,16.12
120.220,-136.591,7.200,7.457,16.10
123.470,-140.392,7.202,7.458,16.07
126.721,-144.192,7.204,7.459,16.05
129.972,-147.993,7.205,7.459,16.02
133.222,-151.794,7.207,7.460,16.00
136.472,-155.595,7.209,7.461,15.97
139.721,-159.396,7.210,7.461,15.95
142.971,-163.198,7.212,7.462,15.92
146.220,-167.000,7.214,7.463,15.90
149.469,-170.802,7.216,7.463,15.87
152.718,-174.604,7.217,7.464,15.85
155.967,-178.406,7.219,7.465,15.82
159.215,-182.209,7.221,7.465,15.80
162.463,-186.012,7.222,7.466,15.77
165.710,-189.815,7.224,7.467,15.75
168.958,-193.618,7.226,7.467,15.72
172.205,-197.422,7.227,7.468,15.69
175.451,-201.226,7.229,7.469,15.67
178.698,-205.030,7.231,7.469,15.64
181.944,-208.834,7.232,7.470,15.61
185.189,-212.639,7.234,7.471,15.58
188.435,-216.444,7.236,7.471,15.55
191.679,-220.250,7.238,7.472,15.52
194.924,-224.056,7.239,7.472,15.49
198.168,-227.862,7.241,7.473,15.45
201.412,-231.668,7.243,7.474,15.42
204.655,-235.475,7.244,7.474,15.38
207.898,-239.282,7.246,7.475,15.35
211.141,-243.089,7.248,7.476,15.31
214.383,-246.897,7.249,7.476,15.28
217.625,-250.705,7.251,7.477,15.24
220.866,-254.514,7.253,7.478,15.20
224.107,-258.323,7.255,7.478,15.16
227.347,-262.132,7.256,7.479,15.12
230.587,-265.941,7.258,7.480,15.08
233.826,-269.752,7.243,7.457,15.04
237.065,-273.562,7.216,7.418,15.00
240.304,-277.373,7.189,7.379,14.96
243.542,-281.184,7.162,7.341,14.92
246.779,-284.996,7.135,7.302,14.87
250.016,-288.808,7.109,7.263,14.83
253.252,-292.621,7.082,7.224,14.79
256.488,-296.434,7.055,7.186,14.75
259.723,-300.247,7.028,7.147,14.71
262.958,-304.061,7.002,7.108,14.67
266.192,-307.876,6.975,7.070,14.62
269.426,-311.691,6.948,7.031,14.58
272.659,-315.506,6.921,6.992,14.54
275.891,-319.322,6.894,6.953,14.50
279.123,-323.138,6.868,6.915,14.46
282.354,-326.955,6.841,6.876,14.42
285.585,-330.773,6.814,6.837,14.37
288.815,-334.591,6.787,6.798,14.33
292.044,-338.409,6.761,6.760,14.29
295.273,-342.228,6.734,6.721,14.25
298.501,-346.047,6.707,6.682,14.21
301.728,-349.868,6.680,6.644,14.17
304.955,-353.688,6.653,6.605,14.12
308.181,-357.509,6.627,6.566,14.08
311.406,-361.331,6.600,6.527,14.04
314.631,-365.153,6.573,6.489,14.00
317.855,-368.976,6.546,6.450,13.96
321.078,-372.800,6.519,6.411,13.92
324.301,-376.624,6.493,6.372,13.87
327.523,-380.448,6.466,6.334,13.83
330.744,-384.274,6.439,6.295,13.79
333.964,-388.100,6.412,6.256,13.75
337.184,-391.926,6.386,6.217,13.71
340.403,-395.753,6.359,6.179,13.66
343.621,-399.581,6.332,6.140,13.62
346.838,-403.410,6.305,6.101,13.58
350.055,-407.239,6.278,6.063,13.53
353.271,-411.068,6.252,6.024,13.49
356.487,-414.897,6.225,5.985,13.44
359.704,-418.726,6.198,5.946,13.39
362.923,-422.553,6.171,5.908,13.34
366.143,-426.380,6.144,5.869,13.29
369.366,-430.204,6.118,5.830,13.23
372.591,-434.026,6.091,5.791,13.17
375.821,-437.845,6.064,5.753,13.10
379.054,-441.660,6.037,5.714,13.03
382.292,-445.472,6.011,5.675,12.96
385.535,-449.280,5.984,5.637,12.88
388.785,-453.083,5.957,5.598,12.79
392.040,-456.881,5.930,5.559,12.70
395.302,-460.674,5.903,5.520,12.60
398.572,-464.460,5.877,5.482,12.49
401.850,-468.240,5.850,5.443,12.38
405.137,-472.013,5.791,5.420,12.27
408.432,-475.779,5.682,5.423,12.14
411.730,-479.543,5.572,5.427,12.02
415.011,-483.319,5.463,5.430,11.89
418.255,-487.120,5.353,5.433,11.75
421.445,-490.961,5.244,5.436,11.62
424.560,-494.857,5.017,5.396,11.48
427.581,-498.821,4.790,5.356,11.33
430.489,-502.868,4.563,5.315,11.19
433.264,-507.012,4.587,5.106,11.05
435.886,-511.267,4.618,4.891,10.90
438.337,-515.642,4.650,4.676,10.76
440.592,-520.127,4.615,4.654,10.62
442.630,-524.713,4.562,4.688,10.47
444.426,-529.390,4.446,4.772,10.33
445.958,-534.145,4.254,4.916,10.18
447.204,-538.970,4.540,4.643,10.04
448.140,-543.853,4.674,4.527,9.90
448.742,-548.784,4.736,4.494,9.76
448.990,-553.752,4.616,4.748,9.62
448.882,-558.742,4.522,4.830,9.49
448.455,-563.735,4.431,4.890,9.35
447.745,-568.710,4.457,4.759,9.21
446.789,-573.646,4.501,4.601,9.07
445.625,-578.524,4.662,4.580,8.94
444.303,-583.346,4.767,4.584,8.80
442.882,-588.131,4.677,4.674,8.67
441.423,-592.901,4.586,4.764,8.53
439.984,-597.676,4.495,4.853,8.40
438.596,-602.467,4.436,4.893,8.27
437.214,-607.263,4.391,4.913,8.13
435.782,-612.050,4.345,4.933,8.00
434.244,-616.812,4.300,4.953,7.87
432.544,-621.536,4.254,4.973,7.73
430.633,-626.190,4.209,4.993,7.60
428.472,-630.720,4.342,4.829,7.47
426.022,-635.071,4.508,4.630,7.34
423.245,-639.187,4.488,4.834,7.21
420.113,-643.020,4.406,5.170,7.08
416.644,-646.549,4.569,5.139,6.95
412.872,-649.764,4.787,5.025,6.83
408.829,-652.653,4.925,4.956,6.70
404.546,-655.205,5.035,4.903,6.58
400.057,-657.408,4.932,4.967,6.45
395.394,-659.251,4.704,5.101,6.33
390.589,-660.722,4.697,5.133,6.21
385.674,-661.811,4.826,5.103,6.09
380.683,-662.505,4.867,5.099,5.98
375.654,-662.799,4.816,5.123,5.86
370.626,-662.688,4.802,5.093,5.75
365.642,-662.165,4.812,5.027,5.64
360.741,-661.227,4.784,5.039,5.53
355.965,-659.869,4.716,5.135,5.43
351.354,-658.084,4.726,5.145,5.33
346.949,-655.869,4.852,5.028,5.23
342.790,-653.218,4.830,4.978,5.13
338.908,-650.140,4.592,5.028,5.04
335.289,-646.697,4.451,5.074,4.95
331.910,-642.966,4.462,5.114,4.86
328.743,-639.027,4.475,5.131,4.78
325.766,-634.955,4.497,5.001,4.70
322.945,-630.813,4.520,4.871,4.63
320.236,-626.625,4.543,4.741,4.56
317.591,-622.410,4.565,4.611,4.50
314.963,-618.186,4.588,4.482,4.45
312.307,-613.971,4.602,4.408,4.41
309.614,-609.769,4.603,4.418,4.37
306.888,-605.579,4.603,4.428,4.34
304.135,-601.400,4.604,4.438,4.32
301.361,-597.230,4.605,4.448,4.30
298.570,-593.067,4.606,4.458,4.30
295.768,-588.912,4.607,4.467,4.29
292.961,-584.761,4.607,4.477,4.30
290.152,-580.615,4.608,4.487,4.31
287.349,-576.470,4.609,4.497,4.32
284.552,-572.327,4.610,4.507,4.34
281.762,-568.183,4.611,4.517,4.36
278.980,-564.037,4.611,4.527,4.39
276.205,-559.887,4.612,4.537,4.41
273.437,-555.732,4.613,4.547,4.44
270.676,-551.570,4.614,4.557,4.47
267.923,-547.400,4.614,4.567,4.51
265.178,-543.220,4.615,4.577,4.54
262.440,-539.028,4.616,4.587,4.57
259.704,-534.829,4.617,4.597,4.61
256.960,-530.633,4.618,4.607,4.64
254.196,-526.450,4.618,4.617,4.68
251.399,-522.292,4.619,4.627,4.72
248.558,-518.169,4.620,4.637,4.76
245.661,-514.094,4.702,4.572,4.80
242.696,-510.076,4.810,4.481,4.85
239.651,-506.126,4.919,4.390,4.90
236.514,-502.257,5.028,4.299,4.95
233.261,-498.495,5.015,4.296,5.00
229.855,-494.879,4.862,4.392,5.06
226.264,-491.448,4.741,4.479,5.12
222.452,-488.240,4.744,4.530,5.18
218.390,-485.293,4.747,4.580,5.25
214.101,-482.631,4.666,4.652,5.32
209.628,-480.271,4.584,4.723,5.40
205.014,-478.233,4.640,4.653,5.48
200.303,-476.534,4.731,4.545,5.56
195.522,-475.167,4.828,4.462,5.65
190.681,-474.098,4.931,4.399,5.74
185.790,-473.288,4.984,4.369,5.83
180.855,-472.700,4.878,4.448,5.92
175.886,-472.296,4.771,4.527,6.01
170.891,-472.039,4.728,4.549,6.11
165.878,-471.891,4.685,4.570,6.20
160.856,-471.814,4.642,4.592,6.30
155.832,-471.769,4.599,4.614,6.40
150.817,-471.693,4.556,4.635,6.50
145.821,-471.505,4.540,4.700,6.60
140.854,-471.122,4.532,4.778,6.70
135.928,-470.463,4.489,4.808,6.80
131.054,-469.454,4.429,4.817,6.90
126.257,-468.081,4.562,4.690,7.00
121.567,-466.352,4.801,4.489,7.10
117.013,-464.277,4.656,4.608,7.20
112.625,-461.866,4.370,4.844,7.30
108.430,-459.134,4.250,4.874,7.40
104.449,-456.099,4.200,4.815,7.50
100.703,-452.781,4.333,4.658,7.60
97.214,-449.199,4.537,4.463,7.70
94.003,-445.373,4.503,4.422,7.80
91.091,-441.321,4.404,4.424,7.90
88.500,-437.064,4.289,4.471,8.00
86.250,-432.620,4.170,4.528,8.10
84.359,-428.010,4.143,4.586,8.21
82.774,-423.269,4.130,4.644,8.31
81.392,-418.446,4.362,4.545,8.41
80.110,-413.587,4.638,4.417,8.52
78.823,-408.739,4.650,4.437,8.63
77.442,-403.942,4.638,4.469,8.73
75.975,-399.190,4.626,4.501,8.84
74.473,-394.454,4.615,4.533,8.95
72.984,-389.705,4.603,4.564,9.06
71.558,-384.918,4.592,4.596,9.18
70.203,-380.085,4.580,4.628,9.29
68.881,-375.228,4.569,4.660,9.41
67.549,-370.370,4.557,4.692,9.53
66.165,-365.532,4.545,4.724,9.65
64.686,-360.738,4.534,4.756,9.77
63.071,-356.009,4.644,4.689,9.89
61.276,-351.369,4.802,4.582,10.01
59.259,-346.839,4.935,4.442,10.13
56.979,-342.443,5.050,4.278,10.25
54.415,-338.195,5.017,4.249,10.37
51.587,-334.096,4.707,4.476,10.49
48.523,-330.147,4.480,4.658,10.62
45.252,-326.347,4.575,4.668,10.74
41.798,-322.694,4.671,4.675,10.87
38.178,-319.205,4.764,4.498,10.99
34.389,-315.912,4.856,4.321,11.12
30.432,-312.849,4.720,4.329,11.24
26.304,-310.049,4.519,4.389,11.37
22.008,-307.539,4.326,4.807,11.49
17.560,-305.317,4.550,4.634,11.62
12.979,-303.374,4.754,4.388,11.74
8.283,-301.703,4.773,4.348,11.87
3.492,-300.295,4.792,4.319,11.99
-1.376,-299.142,4.815,4.347,12.12
-6.301,-298.235,4.834,4.378,12.24
-11.264,-297.568,4.722,4.516,12.37
-16.247,-297.130,4.609,4.654,12.49
-21.236,-296.900,4.603,4.636,12.62
-26.230,-296.825,4.613,4.596,12.75
-31.229,-296.851,4.622,4.557,12.87
-36.233,-296.923,4.632,4.517,13.00
-41.241,-296.985,4.641,4.477,13.13
-46.251,-297.002,4.650,4.438,13.26
-51.259,-296.963,4.660,4.398,13.39
-56.258,-296.854,4.640,4.400,13.52
-61.245,-296.664,4.402,4.713,13.65
-66.213,-296.354,4.274,4.936,13.79
-71.144,-295.785,4.285,4.991,13.92
-76.021,-294.811,4.460,4.846,14.06
-80.832,-293.433,4.634,4.701,14.20
-85.562,-291.758,4.619,4.716,14.34
-90.200,-289.857,4.524,4.798,14.48
-94.731,-287.732,4.436,4.874,14.62
-99.139,-285.380,4.432,4.871,14.76
-103.409,-282.795,4.427,4.867,14.91
-107.525,-279.974,4.458,4.845,15.05
-111.476,-276.923,4.526,4.803,15.20
-115.247,-273.653,4.594,4.761,15.35
-118.827,-270.173,4.534,4.801,15.49
-122.202,-266.494,4.469,4.844,15.64
-125.360,-262.627,4.416,4.871,15.79
-128.288,-258.581,4.449,4.789,15.94
-130.974,-254.367,4.481,4.707,16.09
-133.405,-249.996,4.454,4.693,16.24
-135.567,-245.477,4.386,4.726,16.39
-137.449,-240.829,4.318,4.760,16.54
-139.035,-236.073,4.323,4.761,16.69
-140.312,-231.231,4.328,4.761,16.84
-141.266,-226.325,4.350,4.767,16.99
-141.884,-221.376,4.400,4.779,17.14
-142.152,-216.407,4.449,4.791,17.29
-142.055,-211.440,4.407,4.767,17.44
-141.580,-206.495,4.337,4.731,17.59
-140.723,-201.593,4.285,4.701,17.74
-139.544,-196.735,4.309,4.702,17.89
-138.122,-191.918,4.333,4.703,18.04
-136.541,-187.139,4.433,4.650,18.19
-134.881,-182.393,4.612,4.542,18.34
-133.208,-177.675,4.719,4.482,18.49
-131.538,-172.974,4.710,4.501,18.64
-129.873,-168.281,4.701,4.521,18.80
-128.218,-163.584,4.692,4.540,18.95
-126.577,-158.873,4.683,4.560,19.10
-124.946,-154.146,4.674,4.579,19.26
-123.318,-149.410,4.665,4.599,19.42
-121.688,-144.669,4.656,4.618,19.57
-120.049,-139.928,4.647,4.638,19.73
-118.404,-135.191,4.638,4.657,19.89
-116.812,-130.444,4.678,4.616,20.06
-115.356,-125.671,4.796,4.480,20.22
-114.118,-120.854,4.914,4.344,20.38
-113.176,-115.975,4.939,4.425,20.55
-112.571,-111.036,4.961,4.511,20.71
-112.297,-106.057,4.898,4.569,20.88
-112.346,-101.059,4.779,4.610,21.05
-112.711,-96.064,4.697,4.628,21.22
-113.384,-91.093,4.724,4.578,21.39
-114.358,-86.167,4.751,4.529,21.57
-115.625,-81.308,4.781,4.546,21.74
-117.179,-76.537,4.811,4.583,21.91
-119.010,-71.875,4.809,4.602,22.09
-121.112,-67.341,4.762,4.598,22.26
-123.477,-62.949,4.718,4.593,22.44
-126.097,-58.714,4.914,4.430,22.61
-128.964,-54.648,5.110,4.268,22.78
-132.069,-50.766,5.087,4.286,22.96
-135.406,-47.081,4.882,4.453,23.13
-138.966,-43.607,4.700,4.599,23.31
-142.740,-40.358,4.673,4.592,23.48
-146.721,-37.346,4.647,4.585,23.65
-150.883,-34.558,4.684,4.564,23.83
-155.185,-31.957,4.753,4.536,24.01
-159.582,-29.500,4.821,4.509,24.18
-164.032,-27.148,4.888,4.482,24.36
-168.495,-24.863,4.865,4.496,24.53
-172.963,-22.636,4.842,4.510,24.71
-177.449,-20.475,4.818,4.525,24.88
-181.964,-18.389,4.795,4.539,25.06
-186.521,-16.388,4.703,4.553,25.23
-191.124,-14.468,4.606,4.568,25.41
-195.763,-12.608,4.508,4.582,25.58
-200.428,-10.785,4.469,4.573,25.76
-205.106,-8.977,4.459,4.552,25.93
-209.790,-7.168,4.450,4.531,26.11
-214.485,-5.395,4.530,4.398,26.28
-219.203,-3.711,4.693,4.161,26.46
-223.955,-2.172,4.789,4.036,26.63
-228.751,-0.829,4.561,4.443,26.81
-233.595,0.300,4.376,4.786,26.98
-238.480,1.233,4.530,4.617,27.15
-243.402,1.988,4.609,4.516,27.33
-248.354,2.584,4.545,4.540,27.50
-253.331,3.041,4.481,4.564,27.68
-258.326,3.376,4.571,4.443,27.85
-263.334,3.609,4.712,4.275,28.03
-268.350,3.759,4.743,4.224,28.21
-273.367,3.845,4.696,4.260,28.38
-278.381,3.875,4.650,4.295,28.56
-283.390,3.843,4.603,4.330,28.73
-288.393,3.739,4.551,4.370,28.91
-293.388,3.554,4.340,4.539,29.08
-298.373,3.280,4.129,4.708,29.26
-303.348,2.907,4.189,4.643,29.43
-308.310,2.425,4.436,4.417,29.61
-313.258,1.828,4.682,4.191,29.78
-318.189,1.103,4.763,4.091,29.95
-323.098,0.233,4.810,4.017,30.13
-327.970,-0.813,4.857,3.942,30.30
-332.793,-2.066,4.716,4.071,30.48
-337.554,-3.557,4.519,4.261,30.65
-342.241,-5.309,4.321,4.451,30.83
-346.861,-7.278,4.250,4.536,31.00
-351.435,-9.381,4.309,4.515,31.18
-355.979,-11.534,4.367,4.494,31.35
-360.513,-13.653,4.426,4.472,31.53
-365.047,-15.700,4.484,4.451,31.70
-369.580,-17.711,4.543,4.430,31.87
-374.110,-19.729,4.601,4.409,32.04
-378.633,-21.799,4.638,4.401,32.21
-383.146,-23.962,4.615,4.431,32.38
-387.636,-26.242,4.591,4.462,32.55
-392.079,-28.644,4.567,4.492,32.72
-396.453,-31.171,4.601,4.456,32.89
-400.732,-33.827,4.639,4.416,33.05
-404.900,-36.614,4.677,4.376,33.22
-408.960,-39.525,4.692,4.354,33.37
-412.918,-42.553,4.677,4.356,33.53
-416.779,-45.691,4.662,4.357,33.68
-420.551,-48.931,4.631,4.401,33.83
-424.239,-52.266,4.560,4.551,33.97
-427.848,-55.689,4.479,4.672,34.11
-431.386,-59.192,4.345,4.649,34.25
-434.858,-62.768,4.382,4.428,34.39
-438.270,-66.409,4.463,4.168,34.52
-441.628,-70.109,4.425,4.078,34.65
-444.939,-73.859,4.387,3.988,34.78
-448.209,-77.653,4.349,3.899,34.91
-451.443,-81.482,4.329,3.875,35.03
-454.647,-85.341,4.318,3.890,35.16
-457.829,-89.221,4.308,3.905,35.28
-460.993,-93.115,4.298,3.920,35.40
-464.146,-97.015,4.288,3.935,35.52
-467.292,-100.916,4.277,3.950,35.64
-470.434,-104.818,4.267,3.964,35.76
-473.570,-108.719,4.257,3.979,35.88
-476.702,-112.621,4.247,3.994,36.00
-479.830,-116.523,4.236,4.009,36.12
-482.955,-120.425,4.226,4.024,36.24
-486.076,-124.327,4.216,4.039,36.35
-489.195,-128.229,4.205,4.053,36.47
-492.312,-132.131,4.195,4.068,36.59
-495.427,-136.033,4.185,4.083,36.70
-498.541,-139.936,4.175,4.098,36.82
-501.653,-143.838,4.164,4.113,36.93
-504.766,-147.741,4.154,4.127,37.03
-507.878,-151.644,4.144,4.142,37.14
-510.991,-155.546,4.134,4.157,37.24
-514.105,-159.449,4.123,4.172,37.33
-517.221,-163.352,4.113,4.187,37.42
-520.338,-167.255,4.103,4.202,37.50
-523.458,-171.158,4.092,4.216,37.57
-526.590,-175.059,4.082,4.231,37.62
-529.746,-178.956,4.072,4.246,37.67
-532.940,-182.844,4.062,4.261,37.70
-536.184,-186.722,4.051,4.277,37.72
-539.503,-190.559,3.984,4.416,37.72
-542.976,-194.186,4.302,4.616,37.70
-546.702,-197.394,4.728,4.832,37.67
-550.780,-199.970,4.553,5.270,37.62
-555.300,-201.718,4.298,5.619,37.55
-560.190,-202.709,4.323,5.591,37.48
-565.234,-203.264,4.347,5.563,37.38
-570.264,-203.659,4.371,5.535,37.27
-575.268,-204.027,4.395,5.506,37.15
-580.254,-204.444,4.419,5.478,37.02
-585.229,-204.907,4.443,5.450,36.88
-590.196,-205.402,4.468,5.422,36.74
-595.162,-205.913,4.492,5.394,36.59
-600.129,-206.424,4.516,5.366,36.43
-605.099,-206.932,4.540,5.338,36.27
-610.072,-207.434,4.564,5.310,36.10
-615.048,-207.931,4.588,5.281,35.94
-620.026,-208.421,4.613,5.253,35.77
-625.006,-208.905,4.637,5.225,35.60
-629.988,-209.382,4.661,5.197,35.42
-634.971,-209.851,4.685,5.169,35.25
-639.956,-210.312,4.709,5.141,35.07
-644.941,-210.764,4.733,5.113,34.89
-649.926,-211.215,4.757,5.085,34.71
-654.906,-211.679,4.782,5.056,34.52
-659.880,-212.170,4.806,5.028,34.33
-664.843,-212.702,4.830,5.000,34.13
-669.795,-213.283,4.854,4.972,33.93
-674.745,-213.856,4.878,4.944,33.73
-679.713,-214.335,4.902,4.916,33.51
-684.715,-214.632,4.922,4.987,33.29
-689.768,-214.657,4.920,5.509,33.05
-694.805,-214.242,5.141,5.819,32.80
-699.637,-213.104,6.141,5.380,32.55
-704.054,-211.005,5.687,6.017,32.30
-707.797,-207.948,4.829,6.011,32.04
-710.611,-204.018,4.826,5.205,31.77
-712.556,-199.443,4.831,4.872,31.48
-713.957,-194.572,4.727,4.530,31.18
-715.101,-189.670,4.667,4.410,30.88
-716.147,-184.771,4.641,4.415,30.57
-717.199,-179.878,4.616,4.420,30.26
-718.267,-174.989,4.590,4.425,29.94
-719.348,-170.105,4.564,4.430,29.63
-720.440,-165.224,4.539,4.435,29.32
-721.538,-160.345,4.513,4.440,29.01
-722.641,-155.467,4.488,4.445,28.70
-723.744,-150.590,4.462,4.450,28.40
-724.844,-145.713,4.437,4.455,28.10
-725.939,-140.834,4.411,4.460,27.82
-727.026,-135.954,4.385,4.468,27.54
-728.106,-131.072,4.342,4.604,27.27
-729.179,-126.189,4.327,4.513,27.02
-730.246,-121.304,4.311,4.423,26.77
-731.307,-116.418,4.295,4.332,26.53
-732.362,-111.530,4.280,4.242,26.30
-733.412,-106.642,4.277,4.230,26.09
-734.458,-101.752,4.274,4.219,25.88
-735.498,-96.861,4.272,4.207,25.68
-736.535,-91.969,4.269,4.195,25.48
-737.568,-87.077,4.266,4.184,25.30
-738.598,-82.183,4.264,4.172,25.12
-739.625,-77.289,4.261,4.161,24.94
-740.650,-72.395,4.258,4.149,24.77
-741.673,-67.499,4.256,4.137,24.60
-742.694,-62.604,4.253,4.126,24.43
-743.713,-57.708,4.251,4.114,24.27
-744.732,-52.812,4.248,4.103,24.10
-745.751,-47.916,4.245,4.091,23.94
-746.769,-43.019,4.243,4.079,23.78
-747.788,-38.123,4.240,4.068,23.63
-748.807,-33.226,4.237,4.056,23.47
-749.828,-28.330,4.235,4.045,23.31
-750.850,-23.434,4.232,4.033,23.16
-751.874,-18.539,4.229,4.021,23.01
-752.900,-13.643,4.227,4.010,22.86
-753.929,-8.749,4.224,3.998,22.72
-754.961,-3.855,4.221,3.987,22.58
-755.997,1.039,4.219,3.975,22.45
-757.036,5.931,4.216,3.963,22.32
-758.080,10.823,4.214,3.952,22.20
-759.129,15.714,4.211,3.940,22.08
-760.182,20.604,4.208,3.929,21.97
-761.241,25.493,4.206,3.917,21.87
-762.306,30.380,4.203,3.905,21.77
-763.377,35.266,4.200,3.894,21.69
-764.450,40.152,4.198,3.882,21.61
-765.512,45.040,4.185,3.877,21.53
-766.552,49.931,4.079,3.927,21.46
-767.557,54.828,3.974,3.977,21.40
-768.516,59.733,3.869,4.028,21.34
-769.415,64.648,3.764,4.078,21.29
-770.244,69.575,3.658,4.128,21.24
-770.989,74.516,3.656,4.187,21.20
-771.639,79.474,3.690,4.250,21.15
-772.169,84.447,3.724,4.312,21.11
-772.527,89.429,3.795,4.285,21.07
-772.656,94.410,3.889,4.203,21.04
-772.501,99.382,3.977,4.127,21.00
-772.005,104.337,3.990,4.125,20.96
-771.164,109.266,4.003,4.122,20.93
-770.040,114.161,3.985,4.161,20.89
-768.701,119.015,3.939,4.238,20.86
-767.213,123.820,3.893,4.316,20.82
-765.633,128.569,3.847,4.394,20.79
-763.971,133.270,3.893,4.434,20.76
-762.228,137.931,4.036,4.433,20.72
-760.403,142.561,4.178,4.433,20.69
-758.496,147.169,4.321,4.433,20.66
-756.517,151.765,4.464,4.433,20.62
-754.497,156.354,4.547,4.466,20.59
-752.471,160.943,4.619,4.504,20.55
-750.476,165.541,4.692,4.543,20.52
-748.538,170.151,4.764,4.581,20.49
-746.637,174.767,4.837,4.620,20.46
-744.728,179.377,4.909,4.658,20.43
-742.765,183.969,4.981,4.697,20.40
-740.705,188.532,5.054,4.735,20.37
-738.581,193.076,5.126,4.774,20.34
-736.521,197.643,5.199,4.812,20.31
-734.661,202.279,5.271,4.851,20.29
-733.139,207.026,5.416,4.925,20.27
-732.111,211.908,5.763,5.101,20.26
-731.817,216.867,5.885,5.382,20.25
-732.509,221.812,5.888,5.718,20.24
-734.287,226.498,6.182,5.923,20.23
-737.139,230.560,6.508,6.087,20.24
-740.968,233.684,6.820,6.246,20.24
-745.502,235.659,7.042,6.454,20.25
-750.441,236.327,7.032,6.643,20.27
-755.429,235.784,7.053,6.738,20.29
-760.127,234.227,7.017,6.785,20.32
-764.433,231.829,6.840,6.842,20.35
-768.351,228.753,6.938,6.703,20.38
-771.882,225.162,7.127,6.598,20.42
-775.027,221.219,7.388,6.607,20.46
-777.807,217.065,7.131,6.481,20.51
-780.305,212.763,6.873,6.355,20.55
-782.616,208.359,6.615,6.228,20.60
-784.838,203.898,6.358,6.102,20.65
-787.065,199.425,6.100,5.976,20.70
-789.340,194.964,5.842,5.850,20.75
-791.672,190.526,5.585,5.723,20.80
-794.070,186.124,5.327,5.597,20.86
-796.543,181.769,5.070,5.471,20.91
-799.097,177.469,4.812,5.345,20.96
-801.721,173.218,4.678,5.211,21.02
-804.400,169.004,4.647,5.072,21.07
-807.119,164.816,4.617,4.932,21.13
-809.861,160.641,4.586,4.792,21.18
-812.614,156.471,4.555,4.653,21.24
-815.370,152.301,4.524,4.513,21.29
-818.123,148.127,4.493,4.373,21.34
-820.864,143.945,4.463,4.234,21.40
-823.588,139.749,4.432,4.103,21.45
-826.285,135.536,4.409,4.164,21.51
-828.949,131.302,4.386,4.225,21.56
-831.573,127.042,4.363,4.287,21.62
-834.152,122.753,4.340,4.348,21.67
-836.709,118.451,4.316,4.409,21.73
-839.287,114.166,4.293,4.471,21.78
-841.930,109.926,4.270,4.532,21.84
-844.682,105.762,4.291,4.514,21.89
-847.580,101.698,4.331,4.463,21.95
-850.612,97.728,4.372,4.411,22.01
-853.750,93.832,4.363,4.402,22.06
-856.964,89.992,4.265,4.470,22.12
-860.227,86.190,4.167,4.539,22.18
-863.530,82.423,4.160,4.556,22.25
-866.884,78.708,4.255,4.514,22.31
-870.306,75.062,4.351,4.471,22.37
-873.809,71.502,4.446,4.429,22.44
-877.408,68.044,4.429,4.442,22.51
-881.110,64.700,4.200,4.557,22.58
-884.916,61.475,4.012,4.637,22.65
-888.829,58.377,4.084,4.494,22.73
-892.852,55.411,4.137,4.402,22.80
-896.981,52.579,4.111,4.523,22.88
-901.199,49.875,4.086,4.645,22.96
-905.490,47.290,4.060,4.767,23.04
-909.837,44.818,4.034,4.888,23.13
-914.223,42.451,4.008,5.010,23.21
-918.662,40.214,4.034,5.104,23.30
-923.197,38.163,4.141,5.155,23.38
-927.859,36.346,4.248,5.206,23.47
-932.614,34.762,4.355,5.257,23.56
-937.425,33.415,4.462,5.307,23.65
-942.289,32.348,4.572,5.310,23.74
-947.211,31.602,4.685,5.259,23.83
-952.172,31.069,4.799,5.208,23.92
-957.143,30.549,4.912,5.157,24.00
-962.114,29.985,5.025,5.106,24.09
-967.086,29.408,5.139,5.055,24.18
-972.061,28.851,5.161,5.143,24.27
-977.041,28.350,5.176,5.244,24.36
-982.025,27.926,5.190,5.345,24.45
-987.014,27.583,5.187,5.411,24.54
-992.006,27.322,5.118,5.342,24.63
-997.001,27.143,5.049,5.274,24.72
-1001.997,27.048,4.980,5.205,24.81
-1006.994,27.038,4.926,5.189,24.90
-1011.989,27.112,4.890,5.236,24.99
-1016.983,27.273,4.854,5.283,25.08
-1021.975,27.520,4.960,5.239,25.17
-1026.963,27.855,5.107,5.168,25.26
-1031.946,28.273,5.254,5.098,25.35
-1036.922,28.772,5.303,5.082,25.44
-1041.892,29.347,5.178,5.166,25.53
-1046.853,29.996,5.053,5.249,25.62
-1051.805,30.714,4.927,5.333,25.71
-1056.746,31.499,4.802,5.416,25.80
-1061.675,32.346,4.727,5.450,25.89
-1066.591,33.252,4.726,5.411,25.98
-1071.493,34.217,4.724,5.373,26.07
-1076.380,35.244,4.722,5.335,26.16
-1081.253,36.338,4.720,5.297,26.25
-1086.110,37.504,4.719,5.259,26.34
-1090.951,38.747,4.717,5.220,26.43
-1095.776,40.065,4.724,5.189,26.52
-1100.583,41.455,4.762,5.182,26.60
-1105.370,42.911,4.799,5.174,26.69
-1110.136,44.428,4.837,5.167,26.78
-1114.881,45.996,4.874,5.159,26.86
-1119.615,47.595,4.912,5.152,26.95
-1124.346,49.201,4.949,5.144,27.03
-1129.086,50.792,4.906,5.098,27.12
-1133.842,52.348,4.832,5.037,27.20
-1138.609,53.881,4.759,4.976,27.28
-1143.372,55.427,4.685,4.915,27.37
-1148.117,57.021,4.611,4.854,27.45
-1152.829,58.697,4.538,4.793,27.53
-1157.499,60.478,4.463,4.742,27.61
-1162.126,62.360,4.382,4.724,27.69
-1166.711,64.339,4.301,4.706,27.77
-1171.256,66.411,4.220,4.688,27.86
-1175.761,68.571,4.139,4.670,27.94
-1180.226,70.813,4.091,4.631,28.02
-1184.654,73.134,4.101,4.556,28.10
-1189.044,75.528,4.111,4.480,28.18
-1193.398,77.991,4.120,4.404,28.26
-1197.715,80.519,4.130,4.328,28.34
-1201.992,83.113,4.151,4.307,28.42
-1206.228,85.775,4.188,4.358,28.50
-1210.417,88.507,4.224,4.409,28.58
-1214.558,91.311,4.260,4.460,28.66
-1218.646,94.189,4.289,4.517,28.74
-1222.678,97.141,4.263,4.614,28.82
-1226.652,100.171,4.237,4.710,28.90
-1230.563,103.280,4.211,4.807,28.98
-1234.409,106.469,4.186,4.904,29.06
-1238.188,109.737,4.160,5.000,29.14
-1241.899,113.083,4.337,4.867,29.22
-1245.541,116.505,4.542,4.700,29.30
-1249.112,120.001,4.748,4.533,29.38
-1252.613,123.570,4.780,4.485,29.46
-1256.040,127.209,4.661,4.541,29.54
-1259.394,130.918,4.541,4.596,29.62
-1262.673,134.693,4.475,4.646,29.70
-1265.876,138.535,4.476,4.689,29.78
-1269.001,142.440,4.477,4.732,29.86
-1272.047,146.407,4.468,4.751,29.94
-1275.010,150.436,4.459,4.768,30.01
-1277.890,154.524,4.450,4.785,30.09
-1280.684,158.671,4.459,4.785,30.17
-1283.389,162.874,4.468,4.784,30.25
-1286.005,167.132,4.477,4.783,30.33
-1288.529,171.443,4.486,4.782,30.40
-1290.960,175.807,4.483,4.749,30.48
-1293.307,180.217,4.475,4.704,30.55
-1295.579,184.668,4.467,4.658,30.62
-1297.787,189.153,4.460,4.613,30.69
-1299.942,193.667,4.457,4.582,30.76
-1302.055,198.203,4.466,4.579,30.83
-1304.135,202.756,4.476,4.577,30.90
-1306.194,207.319,4.485,4.574,30.96
-1308.241,211.887,4.494,4.571,31.03
-1310.288,216.454,4.503,4.569,31.09
-1312.337,221.017,4.512,4.566,31.15
-1314.389,225.578,4.522,4.563,31.21
-1316.444,230.135,4.531,4.560,31.26
-1318.503,234.691,4.540,4.558,31.32
-1320.565,239.244,4.549,4.555,31.37
-1322.630,243.796,4.558,4.552,31.43
-1324.699,248.346,4.567,4.550,31.48
-1326.772,252.895,4.577,4.547,31.53
-1328.849,257.443,4.586,4.544,31.58
-1330.929,261.990,4.593,4.532,31.63
-1333.010,266.538,4.597,4.503,31.68
-1335.091,271.086,4.601,4.474,31.73
-1337.171,275.636,4.605,4.446,31.79
-1339.247,280.187,4.609,4.417,31.84
-1341.319,284.741,4.613,4.388,31.89
-1343.383,289.297,4.617,4.359,31.94
-1345.440,293.857,4.621,4.331,31.99
-1347.486,298.421,4.625,4.302,32.04
-1349.529,302.986,4.629,4.273,32.09
-1351.587,307.544,4.633,4.244,32.14
-1353.679,312.087,4.637,4.215,32.19
-1355.826,316.605,4.641,4.187,32.24
-1358.065,321.076,4.645,4.158,32.29
-1360.529,325.406,4.598,4.226,32.34
-1363.378,329.478,4.582,4.318,32.39
-1366.637,333.252,4.573,4.455,32.44
-1370.198,336.761,4.309,4.790,32.49
-1373.994,340.018,4.577,4.509,32.54
-1378.003,343.012,4.669,4.374,32.59
-1382.203,345.734,4.561,4.418,32.64
-1386.574,348.172,4.545,4.429,32.69
-1391.094,350.315,4.531,4.402,32.73
-1395.742,352.152,4.515,4.354,32.78
-1400.498,353.673,4.592,4.380,32.83
-1405.340,354.866,4.669,4.345,32.88
-1410.247,355.722,4.746,4.252,32.93
-1415.201,356.250,4.823,4.160,32.98
-1420.188,356.495,4.844,4.126,33.03
-1425.191,356.507,4.728,4.229,33.08
-1430.198,356.334,4.612,4.333,33.12
-1435.194,356.023,4.496,4.437,33.17
-1440.173,355.598,4.452,4.480,33.21
-1445.135,355.057,4.627,4.342,33.26
-1450.081,354.399,4.803,4.205,33.30
-1455.012,353.624,4.775,4.269,33.34
-1459.927,352.727,4.649,4.430,33.38
-1464.821,351.703,4.524,4.591,33.42
-1469.685,350.544,4.548,4.561,33.46
-1474.514,349.242,4.619,4.473,33.49
-1479.299,347.791,4.690,4.385,33.53
-1484.033,346.183,4.741,4.309,33.56
-1488.711,344.411,4.647,4.325,33.59
-1493.324,342.468,4.554,4.341,33.62
-1497.865,340.346,4.543,4.444,33.65
-1502.310,338.021,4.544,4.561,33.68
-1506.543,335.383,4.803,4.570,33.71
-1510.422,332.300,5.004,4.667,33.74
-1513.872,328.745,5.108,4.766,33.76
-1516.883,324.792,5.107,4.821,33.79
-1519.510,320.535,5.127,4.957,33.81
-1521.872,316.083,5.152,5.112,33.84
-1524.029,311.518,5.275,5.201,33.87
-1525.877,306.845,5.403,5.263,33.89
-1527.319,302.064,5.432,5.223,33.92
-1528.354,297.196,5.462,5.183,33.94
-1528.995,292.265,5.462,5.069,33.97
-1529.259,287.296,5.456,4.938,33.99
-1529.158,282.312,5.399,4.866,34.02
-1528.708,277.339,5.286,4.861,34.04
-1527.923,272.401,5.195,4.839,34.07
-1526.818,267.522,5.131,4.795,34.09
-1525.408,262.727,5.066,4.755,34.12
-1523.707,258.037,4.957,4.857,34.14
-1521.734,253.458,4.848,4.958,34.17
-1519.509,248.993,4.882,4.766,34.19
-1517.053,244.642,4.932,4.541,34.22
-1514.383,240.408,4.961,4.351,34.24
-1511.521,236.293,4.791,4.497,34.27
-1508.486,232.299,4.686,4.681,34.29
-1505.298,228.426,4.707,4.789,34.32
-1501.977,224.678,4.781,4.664,34.34
-1498.540,221.052,4.854,4.539,34.37
-1495.001,217.535,4.928,4.414,34.40
-1491.374,214.113,4.975,4.302,34.42
-1487.672,210.772,4.819,4.291,34.45
-1483.906,207.497,4.662,4.279,34.47
-1480.091,204.275,4.505,4.268,34.50
-1476.240,201.091,4.348,4.256,34.53
-1472.365,197.931,4.324,4.237,34.55
-1468.479,194.780,4.304,4.218,34.58
-1464.593,191.627,4.284,4.199,34.61
-1460.707,188.474,4.264,4.179,34.64
-1456.816,185.326,4.262,4.164,34.66
-1452.917,182.188,4.271,4.150,34.69
-1449.007,179.065,4.280,4.137,34.72
-1445.081,175.964,4.290,4.123,34.75
-1441.136,172.889,4.299,4.110,34.78
-1437.167,169.846,4.308,4.096,34.81
-1433.172,166.840,4.317,4.083,34.83
-1429.147,163.875,4.326,4.070,34.86
-1425.096,160.947,4.341,4.041,34.89
-1421.019,158.055,4.356,4.010,34.92
-1416.919,155.194,4.371,3.978,34.95
-1412.799,152.363,4.387,3.947,34.98
-1408.662,149.556,4.402,3.916,35.00
-1404.509,146.773,4.440,4.029,35.03
-1400.343,144.008,4.491,4.228,35.06
-1396.166,141.259,4.542,4.428,35.09
-1391.980,138.524,4.594,4.628,35.12
-1387.786,135.802,4.630,4.767,35.15
-1383.584,133.092,4.617,4.700,35.18
-1379.374,130.395,4.604,4.632,35.20
-1375.155,127.711,4.590,4.564,35.23
-1370.928,125.039,4.577,4.497,35.26
-1366.693,122.381,4.564,4.429,35.29
-1362.449,119.735,4.550,4.361,35.32
-1358.197,117.102,4.537,4.294,35.35
-1353.937,114.481,4.524,4.226,35.38
-1349.668,111.875,4.511,4.158,35.40
-1345.390,109.282,4.497,4.091,35.43
-1341.103,106.706,4.490,4.077,35.46
-1336.806,104.145,4.484,4.068,35.49
-1332.498,101.602,4.477,4.059,35.52
-1328.180,99.078,4.470,4.050,35.55
-1323.851,96.573,4.464,4.041,35.58
-1319.511,94.088,4.457,4.032,35.61
-1315.159,91.624,4.450,4.024,35.63
-1310.795,89.183,4.444,4.015,35.66
-1306.418,86.765,4.437,4.006,35.69
-1302.029,84.372,4.426,4.017,35.72
-1297.626,82.003,4.413,4.034,35.75
-1293.210,79.661,4.400,4.050,35.78
-1288.779,77.346,4.387,4.067,35.81
-1284.335,75.059,4.375,4.083,35.83
-1279.875,72.802,4.362,4.100,35.86
-1275.400,70.574,4.349,4.117,35.89
-1270.911,68.375,4.336,4.133,35.92
-1266.408,66.203,4.340,4.167,35.95
-1261.893,64.056,4.378,4.237,35.98
-1257.366,61.932,4.416,4.307,36.00
-1252.829,59.830,4.454,4.378,36.03
-1248.282,57.747,4.492,4.448,36.06
-1243.727,55.681,4.531,4.518,36.09
-1239.164,53.630,4.569,4.589,36.12
-1234.595,51.594,4.588,4.432,36.15
-1230.020,49.568,4.603,4.234,36.18
-1225.441,47.553,4.536,4.221,36.20
-1220.858,45.545,4.460,4.230,36.23
-1216.273,43.543,4.384,4.238,36.26
-1211.686,41.545,4.308,4.247,36.29
-1207.099,39.549,4.231,4.256,36.32
-1202.513,37.553,4.212,4.257,36.34
-1197.928,35.555,4.280,4.245,36.37
-1193.345,33.554,4.348,4.233,36.40
-1188.762,31.557,4.416,4.222,36.43
-1184.169,29.587,4.484,4.210,36.45
-1179.558,27.665,4.552,4.198,36.48
-1174.919,25.815,4.620,4.186,36.51
-1170.243,24.058,4.669,4.177,36.53
-1165.533,22.390,4.617,4.179,36.56
-1160.796,20.790,4.565,4.181,36.59
-1156.043,19.231,4.513,4.183,36.61
-1151.284,17.691,4.462,4.185,36.64
-1146.524,16.150,4.410,4.188,36.66
-1141.766,14.608,4.358,4.190,36.69
-1137.008,13.065,4.306,4.192,36.72
-1132.252,11.520,4.254,4.194,36.74
-1127.495,9.975,4.203,4.196,36.77
-1122.739,8.429,4.151,4.198,36.79
-1117.984,6.884,4.134,4.208,36.82
-1113.228,5.338,4.142,4.224,36.84
-1108.472,3.792,4.150,4.240,36.87
-1103.716,2.248,4.158,4.256,36.89
-1098.959,0.703,4.166,4.272,36.92
-1094.203,-0.842,4.175,4.287,36.94
-1089.447,-2.388,4.183,4.303,36.97
-1084.692,-3.935,4.191,4.319,36.99
-1079.937,-5.484,4.199,4.335,37.02
-1075.182,-7.035,4.207,4.351,37.04
-1070.429,-8.588,4.215,4.366,37.07
-1065.676,-10.144,4.223,4.382,37.09
-1060.924,-11.704,4.231,4.398,37.12
-1056.174,-13.267,4.239,4.414,37.14
-1051.425,-14.834,4.247,4.430,37.17
-1046.678,-16.406,4.255,4.445,37.19
-1041.932,-17.983,4.264,4.461,37.22
-1037.188,-19.566,4.272,4.477,37.24
-1032.446,-21.154,4.277,4.487,37.27
-1027.706,-22.749,4.272,4.474,37.29
-1022.968,-24.350,4.266,4.461,37.32
-1018.233,-25.959,4.261,4.448,37.34
-1013.500,-27.574,4.255,4.435,37.37
-1008.769,-29.195,4.249,4.422,37.39
-1004.040,-30.821,4.244,4.408,37.42
-999.312,-32.452,4.238,4.395,37.44
-994.586,-34.086,4.233,4.382,37.47
-989.860,-35.725,4.227,4.369,37.49
-985.136,-37.366,4.222,4.356,37.52
-980.412,-39.008,4.216,4.342,37.54
-975.689,-40.653,4.211,4.329,37.57
-970.966,-42.298,4.205,4.316,37.59
-966.244,-43.943,4.200,4.303,37.62
-961.521,-45.588,4.194,4.290,37.64
-956.797,-47.232,4.188,4.276,37.67
-952.074,-48.874,4.183,4.263,37.69
-947.349,-50.514,4.177,4.250,37.71
-942.623,-52.150,4.172,4.237,37.74
-937.897,-53.783,4.166,4.224,37.76
-933.168,-55.412,4.161,4.210,37.78
-928.439,-57.037,4.155,4.197,37.80
-923.708,-58.658,4.150,4.184,37.83
-918.977,-60.277,4.159,4.181,37.85
-914.245,-61.893,4.173,4.182,37.86
-909.512,-63.508,4.188,4.182,37.88
-904.778,-65.121,4.203,4.183,37.90
-900.045,-66.733,4.218,4.184,37.91
-895.311,-68.345,4.233,4.185,37.93
-890.577,-69.956,4.248,4.185,37.94
-885.843,-71.569,4.263,4.186,37.95
-881.110,-73.182,4.277,4.187,37.96
-876.377,-74.797,4.292,4.188,37.97
-871.644,-76.414,4.307,4.188,37.97
-866.913,-78.034,4.322,4.189,37.98
-862.182,-79.656,4.337,4.190,37.98
-857.452,-81.282,4.352,4.191,37.99
-852.724,-82.913,4.367,4.192,37.99
-847.997,-84.547,4.381,4.192,37.99
-843.271,-86.184,4.396,4.193,38.00
-838.546,-87.824,4.411,4.194,38.00
-833.821,-89.465,4.426,4.195,38.00
-829.096,-91.106,4.441,4.195,38.00
-824.371,-92.746,4.456,4.196,38.00
-819.645,-94.384,4.471,4.197,38.00
-814.918,-96.018,4.485,4.198,38.00
-810.190,-97.648,4.500,4.199,38.00
-805.460,-99.272,4.515,4.199,38.00
-800.728,-100.890,4.530,4.200,37.99
-795.993,-102.499,4.545,4.201,37.99
-791.256,-104.100,4.560,4.202,37.99
-786.515,-105.690,4.575,4.202,37.98
-781.771,-107.270,4.589,4.203,37.97
-777.023,-108.837,4.604,4.204,37.96
-772.271,-110.390,4.619,4.205,37.95
-767.514,-111.929,4.634,4.205,37.93
-762.753,-113.453,4.582,4.208,37.91
-757.988,-114.964,4.529,4.211,37.89
-753.219,-116.467,4.477,4.213,37.86
-748.448,-117.964,4.425,4.216,37.82
-743.676,-119.458,4.372,4.219,37.78
-738.904,-120.954,4.320,4.221,37.73
-734.132,-122.454,4.268,4.224,37.68
-729.361,-123.962,4.216,4.227,37.62
-724.592,-125.481,4.163,4.229,37.55
-719.826,-127.010,4.111,4.232,37.48
-715.052,-128.512,4.059,4.235,37.40
-710.257,-129.933,4.006,4.237,37.31
-705.428,-131.221,4.175,4.132,37.23
-700.553,-132.324,4.365,4.054,37.13
-695.623,-133.193,4.478,4.177,37.03
-690.655,-133.800,4.600,4.139,36.93
-685.670,-134.121,4.725,4.055,36.83
-680.691,-134.132,4.785,4.050,36.72
-675.739,-133.813,4.698,4.218,36.61
-670.820,-133.177,4.610,4.386,36.50
-665.934,-132.269,4.548,4.471,36.39
-661.076,-131.130,4.499,4.511,36.28
-656.245,-129.805,4.450,4.552,36.16
-651.437,-128.335,4.499,4.532,36.04
-646.651,-126.764,4.564,4.502,35.92
-641.882,-125.135,4.629,4.472,35.80
-637.129,-123.491,4.672,4.460,35.67
-632.389,-121.875,4.676,4.478,35.55
-627.664,-120.289,4.680,4.495,35.42
-622.958,-118.689,4.682,4.502,35.29
-618.278,-117.026,4.677,4.477,35.15
-613.630,-115.254,4.672,4.451,35.02
-609.018,-113.340,4.667,4.425,34.88
-604.436,-111.311,4.572,4.553,34.73
-599.875,-109.210,4.472,4.690,34.58
-595.327,-107.079,4.416,4.781,34.43
-590.785,-104.957,4.617,4.600,34.27
-586.258,-102.832,4.818,4.420,34.12
-581.770,-100.655,4.881,4.342,33.95
-577.342,-98.377,4.747,4.411,33.79
-572.998,-95.949,4.613,4.481,33.63
-568.756,-93.331,4.600,4.485,33.46
-564.596,-90.555,4.614,4.474,33.29
-560.487,-87.683,4.629,4.464,33.12
-556.396,-84.775,4.643,4.453,32.95
-552.291,-81.894,4.658,4.443,32.77
-548.164,-79.056,4.626,4.476,32.60
-544.040,-76.225,4.589,4.513,32.43
-539.946,-73.362,4.552,4.549,32.25
-535.907,-70.429,4.587,4.507,32.08
-531.950,-67.389,4.622,4.463,31.90
-528.073,-64.241,4.650,4.453,31.73
-524.261,-61.008,4.676,4.459,31.56
-520.498,-57.713,4.701,4.464,31.38
-516.765,-54.380,4.726,4.470,31.20
-513.052,-51.027,4.751,4.476,31.03
-509.355,-47.656,4.752,4.480,30.86
-505.673,-44.269,4.747,4.483,30.68
-502.005,-40.868,4.743,4.486,30.51
-498.350,-37.454,4.738,4.490,30.33
-494.705,-34.028,4.733,4.493,30.16
-491.071,-30.591,4.728,4.497,29.98
-487.445,-27.146,4.723,4.500,29.81
-483.826,-23.694,4.718,4.504,29.64
-480.213,-20.236,4.714,4.507,29.46
-476.605,-16.773,4.709,4.510,29.29
-472.999,-13.307,4.698,4.516,29.12
-469.396,-9.840,4.659,4.531,28.95
-465.793,-6.372,4.620,4.547,28.79
-462.189,-2.906,4.580,4.562,28.62
-458.583,0.558,4.541,4.578,28.45
-454.974,4.017,4.506,4.592,28.29
-451.360,7.471,4.494,4.600,28.13
-447.741,10.918,4.482,4.608,27.97
-444.117,14.362,4.469,4.617,27.81
-440.491,17.802,4.457,4.625,27.65
-436.862,21.241,4.444,4.633,27.49
-433.234,24.681,4.432,4.642,27.34
-429.607,28.123,4.419,4.650,27.19
-425.981,31.570,4.407,4.658,27.03
-422.360,35.022,4.395,4.667,26.88
-418.743,38.482,4.382,4.675,26.73
-415.131,41.950,4.370,4.683,26.58
-411.519,45.418,4.357,4.692,26.43
-407.900,48.879,4.345,4.700,26.28
-404.268,52.323,4.332,4.708,26.13
-400.616,55.742,4.320,4.717,25.99
-396.939,59.128,4.308,4.725,25.84
-393.229,62.472,4.295,4.733,25.69
-389.481,65.766,4.474,4.645,25.55
-385.688,69.001,4.638,4.553,25.40
-381.847,72.173,4.558,4.554,25.25
-377.966,75.300,4.478,4.554,25.11
-374.062,78.411,4.398,4.554,24.96
-370.151,81.536,4.318,4.554,24.81
-366.248,84.702,4.397,4.480,24.67
-362.341,87.899,4.500,4.394,24.52
-358.318,90.978,4.554,4.311,24.38
-354.055,93.743,4.475,4.330,24.23
-349.541,95.803,3.899,4.734,24.09
-344.849,96.665,4.087,4.604,23.95
-340.088,96.259,4.244,4.444,23.82
-335.395,94.803,4.269,4.542,23.68
-330.903,92.524,4.138,5.130,23.55
-326.746,89.646,4.226,5.032,23.41
-322.951,86.385,4.313,4.935,23.28
-319.329,82.936,4.401,4.837,23.15
-315.679,79.490,4.489,4.740,23.02
-311.837,76.228,4.576,4.642,22.89
-307.675,73.346,4.688,4.523,22.76
-303.186,71.169,4.796,4.364,22.64
-298.409,70.066,4.746,4.310,22.52
-293.502,70.174,4.837,4.387,22.41
-288.751,71.376,5.017,4.225,22.29
-284.368,73.519,4.627,4.366,22.18
-280.311,76.371,4.444,4.735,22.06
-276.482,79.687,4.422,4.820,21.94
-272.782,83.221,4.453,4.782,21.83
-269.118,86.740,4.483,4.744,21.71
-265.435,90.149,4.513,4.706,21.60
-261.708,93.445,4.544,4.667,21.49
-257.908,96.624,4.567,4.642,21.38
-254.010,99.685,4.496,4.780,21.27
-249.995,102.618,4.425,4.917,21.16
-245.861,105.404,4.354,5.055,21.05
-241.607,108.020,4.433,4.958,20.94
-237.233,110.446,4.549,4.801,20.82
-232.741,112.661,4.652,4.681,20.71
-228.139,114.652,4.648,4.869,20.60
-223.443,116.409,4.643,5.057,20.49
-218.665,117.921,4.788,5.274,20.38
-213.819,119.179,5.169,5.537,20.28
-208.920,120.172,5.551,5.799,20.17
-203.981,120.890,5.896,6.049,20.06
-199.015,121.322,5.875,6.180,19.96
-194.036,121.459,5.854,6.311,19.85
-189.058,121.294,5.811,6.297,19.75
-184.086,120.868,5.762,6.250,19.65
-179.122,120.249,5.713,6.203,19.56
-174.167,119.508,5.837,5.985,19.47
-169.224,118.713,5.998,5.731,19.37
-164.292,117.906,6.017,5.554,19.29
-159.370,117.073,5.510,5.331,19.20
-154.457,116.199,4.838,5.079,19.12
-149.550,115.266,4.575,5.004,19.05
-144.650,114.255,4.561,4.945,18.98
-139.771,113.135,4.642,4.856,18.91
-134.931,111.871,4.723,4.767,18.84
-130.149,110.429,4.771,4.750,18.78
-125.443,108.774,4.684,5.033,18.71
-120.826,106.886,4.597,5.317,18.66
-116.290,104.795,4.753,5.457,18.60
-111.825,102.542,4.957,5.568,18.54
-107.419,100.165,5.162,5.680,18.49
-103.063,97.703,5.366,5.791,18.44
-98.753,95.168,5.571,5.903,18.39
-94.491,92.560,5.769,6.052,18.33
-90.277,89.879,5.943,6.335,18.28
-86.114,87.124,6.118,6.618,18.23
-82.002,84.293,6.292,6.901,18.18
-77.943,81.386,6.466,7.184,18.13
-73.937,78.402,6.661,7.395,18.08
-69.987,75.341,6.930,7.345,18.04
-66.094,72.201,7.199,7.295,17.99
-62.258,68.984,7.469,7.246,17.94
-58.482,65.694,7.678,7.237,17.89
-54.768,62.336,7.578,7.442,17.84
-51.117,58.913,7.478,7.646,17.79
-47.530,55.431,7.378,7.851,17.74
-44.001,51.895,7.278,8.056,17.69
-40.519,48.316,7.303,8.009,17.64
-37.073,44.703,7.361,7.897,17.59
-33.651,41.065,7.418,7.785,17.55
-30.247,37.408,7.476,7.673,17.50
-26.859,33.735,7.533,7.561,17.45
-23.485,30.046,7.591,7.449,17.40
-20.124,26.342,7.568,7.418,17.36
-16.776,22.627,7.514,7.420,17.31
-13.440,18.900,7.459,7.422,17.27
-10.114,15.163,7.404,7.424,17.23
-6.797,11.418,7.350,7.426,17.19
-3.489,7.665,7.295,7.428,17.14
-0.189,3.907,7.240,7.431,17.11
